<?xml version="1.0"?>
<VTKFile type="UnstructuredGrid" version="0.1" byte_order="LittleEndian">
  <UnstructuredGrid>
    <Piece NumberOfPoints="634" NumberOfCells="1130">
      <Points>
        <DataArray type="Float64" NumberOfComponents="3" format="ascii">
          -26.4617 -1.23721 0
          -25.1541 -1.23721 0
          -23.8464 -1.23721 0
          -22.5387 -1.23721 0
          -21.231 -1.23721 0
          -19.9233 -1.23721 0
          -18.6156 -1.23721 0
          -17.3079 -1.23721 0
          -16.0002 -1.23721 0
          -14.6925 -1.23721 0
          -13.3848 -1.23721 0
          -12.0771 -1.23721 0
          -10.7694 -1.23721 0
          -9.46175 -1.23721 0
          -8.93368 -2.22616 0
          -7.80006 -2.25254 0
          -6.81097 -1.64121 0
          -5.7889 -1.10954 0
          -4.84502 -0.715798 0
          -3.78116 -0.421677 0
          -2.65655 -0.27176 0
          -1.52372 -0.298589 0
          -0.416213 -0.499824 0
          0.610594 -0.859678 0
          1.52412 -1.37544 0
          2.3813 -2.0885 0
          3.28327 -3.10508 0
          3.99444 -4.08737 0
          4.41837 -4.72756 0
          5.42226 -6.35037 0
          5.96286 -7.26861 0
          6.50161 -8.19549 0
          7.0352 -9.11828 0
          7.55971 -10.0349 0
          8.07044 -10.9422 0
          8.56354 -11.8361 0
          9.03736 -12.713 0
          9.34224 -13.287 0
          10.6499 -13.287 0
          11.9576 -13.287 0
          13.2653 -13.287 0
          14.573 -13.287 0
          15.8807 -13.287 0
          17.1884 -13.287 0
          18.4961 -13.287 0
          19.8038 -13.287 0
          21.1115 -13.287 0
          22.4192 -13.287 0
          23.7269 -13.287 0
          25.0345 -13.287 0
          26.3422 -13.287 0
          26.3422 -14.5727 0
          26.3422 -15.8584 0
          26.3422 -17.1441 0
          26.3422 -18.4298 0
          26.3422 -19.7156 0
          26.3422 -21.0013 0
          26.3422 -22.287 0
          26.3422 -23.5727 0
          26.3422 -24.8584 0
          26.3422 -26.1441 0
          26.3422 -27.4298 0
          26.3422 -28.7156 0
          26.3422 -30.0013 0
          26.3422 -31.287 0
          25.0345 -31.287 0
          23.7269 -31.287 0
          22.4192 -31.287 0
          21.1115 -31.287 0
          19.8038 -31.287 0
          18.4961 -31.287 0
          17.1884 -31.287 0
          15.8807 -31.287 0
          14.573 -31.287 0
          13.2653 -31.287 0
          11.9576 -31.287 0
          10.6499 -31.287 0
          9.34224 -31.287 0
          8.97617 -29.7104 0
          8.73866 -28.7592 0
          8.48682 -27.8019 0
          8.22028 -26.8369 0
          7.93982 -25.865 0
          7.34604 -23.9199 0
          7.03774 -22.9643 0
          6.72376 -22.0329 0
          6.40542 -21.1332 0
          6.084 -20.2703 0
          5.76067 -19.4473 0
          5.11076 -17.9289 0
          4.78551 -17.2399 0
          4.1424 -16.0126 0
          3.82707 -15.4735 0
          3.20607 -14.5323 0
          2.5974 -13.7554 0
          1.71033 -12.8578 0
          0.842319 -12.2198 0
          -0.312147 -11.693 0
          -1.19167 -11.5226 0
          -2.40186 -11.5841 0
          -3.37289 -11.8611 0
          -4.42352 -12.3601 0
          -5.53355 -13.1151 0
          -6.26728 -13.7526 0
          -6.94803 -14.4567 0
          -7.80494 -15.5411 0
          -8.2575 -16.2356 0
          -8.78333 -17.2002 0
          -9.23545 -18.2107 0
          -9.46175 -19.2372 0
          -10.7694 -19.2372 0
          -12.0771 -19.2372 0
          -13.3848 -19.2372 0
          -14.6925 -19.2372 0
          -16.0002 -19.2372 0
          -17.3079 -19.2372 0
          -18.6156 -19.2372 0
          -19.9233 -19.2372 0
          -21.231 -19.2372 0
          -22.5387 -19.2372 0
          -23.8464 -19.2372 0
          -25.1541 -19.2372 0
          -26.4617 -19.2372 0
          -26.4617 -17.9515 0
          -26.4617 -16.6658 0
          -26.4617 -15.3801 0
          -26.4617 -14.0944 0
          -26.4617 -12.8086 0
          -26.4617 -11.5229 0
          -26.4617 -10.2372 0
          -26.4617 -8.9515 0
          -26.4617 -7.66579 0
          -26.4617 -6.38007 0
          -26.4617 -5.09436 0
          -26.4617 -3.80864 0
          -26.4617 -2.52293 0
          9.82671 -29.475 0
          11.1344 -29.475 0
          12.4421 -29.475 0
          13.7498 -29.475 0
          15.0575 -29.475 0
          16.3652 -29.475 0
          17.6729 -29.475 0
          18.9806 -29.475 0
          20.2883 -29.475 0
          21.5959 -29.475 0
          22.9036 -29.475 0
          24.2113 -29.475 0
          25.519 -29.475 0
          10.4806 -28.3425 0
          11.7883 -28.3425 0
          13.0959 -28.3425 0
          14.4036 -28.3425 0
          15.7113 -28.3425 0
          17.019 -28.3425 0
          18.3267 -28.3425 0
          19.6344 -28.3425 0
          20.9421 -28.3425 0
          22.2498 -28.3425 0
          23.5575 -28.3425 0
          24.8652 -28.3425 0
          9.82671 -27.21 0
          11.1344 -27.21 0
          12.4421 -27.21 0
          13.7498 -27.21 0
          15.0575 -27.21 0
          16.3652 -27.21 0
          17.6729 -27.21 0
          18.9806 -27.21 0
          20.2883 -27.21 0
          21.5959 -27.21 0
          22.9036 -27.21 0
          24.2113 -27.21 0
          25.519 -27.21 0
          9.17287 -26.0775 0
          10.4806 -26.0775 0
          11.7883 -26.0775 0
          13.0959 -26.0775 0
          14.4036 -26.0775 0
          15.7113 -26.0775 0
          17.019 -26.0775 0
          18.3267 -26.0775 0
          19.6344 -26.0775 0
          20.9421 -26.0775 0
          22.2498 -26.0775 0
          23.5575 -26.0775 0
          24.8652 -26.0775 0
          8.51902 -24.945 0
          9.82671 -24.945 0
          11.1344 -24.945 0
          12.4421 -24.945 0
          13.7498 -24.945 0
          15.0575 -24.945 0
          16.3652 -24.945 0
          17.6729 -24.945 0
          18.9806 -24.945 0
          20.2883 -24.945 0
          21.5959 -24.945 0
          22.9036 -24.945 0
          24.2113 -24.945 0
          25.519 -24.945 0
          9.17287 -23.8125 0
          10.4806 -23.8125 0
          11.7883 -23.8125 0
          13.0959 -23.8125 0
          14.4036 -23.8125 0
          15.7113 -23.8125 0
          17.019 -23.8125 0
          18.3267 -23.8125 0
          19.6344 -23.8125 0
          20.9421 -23.8125 0
          22.2498 -23.8125 0
          23.5575 -23.8125 0
          24.8652 -23.8125 0
          8.51902 -22.68 0
          9.82671 -22.68 0
          11.1344 -22.68 0
          12.4421 -22.68 0
          13.7498 -22.68 0
          15.0575 -22.68 0
          16.3652 -22.68 0
          17.6729 -22.68 0
          18.9806 -22.68 0
          20.2883 -22.68 0
          21.5959 -22.68 0
          22.9036 -22.68 0
          24.2113 -22.68 0
          25.519 -22.68 0
          7.86517 -21.5475 0
          9.17287 -21.5475 0
          10.4806 -21.5475 0
          11.7883 -21.5475 0
          13.0959 -21.5475 0
          14.4036 -21.5475 0
          15.7113 -21.5475 0
          17.019 -21.5475 0
          18.3267 -21.5475 0
          19.6344 -21.5475 0
          20.9421 -21.5475 0
          22.2498 -21.5475 0
          23.5575 -21.5475 0
          24.8652 -21.5475 0
          7.21133 -20.415 0
          8.51902 -20.415 0
          9.82671 -20.415 0
          11.1344 -20.415 0
          12.4421 -20.415 0
          13.7498 -20.415 0
          15.0575 -20.415 0
          16.3652 -20.415 0
          17.6729 -20.415 0
          18.9806 -20.415 0
          20.2883 -20.415 0
          21.5959 -20.415 0
          22.9036 -20.415 0
          24.2113 -20.415 0
          25.519 -20.415 0
          6.55748 -19.2825 0
          7.86517 -19.2825 0
          9.17287 -19.2825 0
          10.4806 -19.2825 0
          11.7883 -19.2825 0
          13.0959 -19.2825 0
          14.4036 -19.2825 0
          15.7113 -19.2825 0
          17.019 -19.2825 0
          18.3267 -19.2825 0
          19.6344 -19.2825 0
          20.9421 -19.2825 0
          22.2498 -19.2825 0
          23.5575 -19.2825 0
          24.8652 -19.2825 0
          -25.481 -18.1501 0
          -24.1733 -18.1501 0
          -22.8656 -18.1501 0
          -21.5579 -18.1501 0
          -20.2502 -18.1501 0
          -18.9425 -18.1501 0
          -17.6348 -18.1501 0
          -16.3271 -18.1501 0
          -15.0194 -18.1501 0
          -13.7117 -18.1501 0
          -12.4041 -18.1501 0
          -11.0964 -18.1501 0
          5.90364 -18.1501 0
          7.21133 -18.1501 0
          8.51902 -18.1501 0
          9.82671 -18.1501 0
          11.1344 -18.1501 0
          12.4421 -18.1501 0
          13.7498 -18.1501 0
          15.0575 -18.1501 0
          16.3652 -18.1501 0
          17.6729 -18.1501 0
          18.9806 -18.1501 0
          20.2883 -18.1501 0
          21.5959 -18.1501 0
          22.9036 -18.1501 0
          24.2113 -18.1501 0
          25.519 -18.1501 0
          -24.8271 -17.0176 0
          -23.5194 -17.0176 0
          -22.2117 -17.0176 0
          -20.9041 -17.0176 0
          -19.5964 -17.0176 0
          -18.2887 -17.0176 0
          -16.981 -17.0176 0
          -15.6733 -17.0176 0
          -14.3656 -17.0176 0
          -13.0579 -17.0176 0
          -11.7502 -17.0176 0
          -10.4425 -17.0176 0
          6.55748 -17.0176 0
          7.86517 -17.0176 0
          9.17287 -17.0176 0
          10.4806 -17.0176 0
          11.7883 -17.0176 0
          13.0959 -17.0176 0
          14.4036 -17.0176 0
          15.7113 -17.0176 0
          17.019 -17.0176 0
          18.3267 -17.0176 0
          19.6344 -17.0176 0
          20.9421 -17.0176 0
          22.2498 -17.0176 0
          23.5575 -17.0176 0
          24.8652 -17.0176 0
          -25.481 -15.8851 0
          -24.1733 -15.8851 0
          -22.8656 -15.8851 0
          -21.5579 -15.8851 0
          -20.2502 -15.8851 0
          -18.9425 -15.8851 0
          -17.6348 -15.8851 0
          -16.3271 -15.8851 0
          -15.0194 -15.8851 0
          -13.7117 -15.8851 0
          -12.4041 -15.8851 0
          -11.0964 -15.8851 0
          -9.78867 -15.8851 0
          5.90364 -15.8851 0
          7.21133 -15.8851 0
          8.51902 -15.8851 0
          9.82671 -15.8851 0
          11.1344 -15.8851 0
          12.4421 -15.8851 0
          13.7498 -15.8851 0
          15.0575 -15.8851 0
          16.3652 -15.8851 0
          17.6729 -15.8851 0
          18.9806 -15.8851 0
          20.2883 -15.8851 0
          21.5959 -15.8851 0
          22.9036 -15.8851 0
          24.2113 -15.8851 0
          25.519 -15.8851 0
          -24.8271 -14.7526 0
          -23.5194 -14.7526 0
          -22.2117 -14.7526 0
          -20.9041 -14.7526 0
          -19.5964 -14.7526 0
          -18.2887 -14.7526 0
          -16.981 -14.7526 0
          -15.6733 -14.7526 0
          -14.3656 -14.7526 0
          -13.0579 -14.7526 0
          -11.7502 -14.7526 0
          -10.4425 -14.7526 0
          -9.13483 -14.7526 0
          -7.82713 -14.7526 0
          5.24979 -14.7526 0
          6.55748 -14.7526 0
          7.86517 -14.7526 0
          9.17287 -14.7526 0
          10.4806 -14.7526 0
          11.7883 -14.7526 0
          13.0959 -14.7526 0
          14.4036 -14.7526 0
          15.7113 -14.7526 0
          17.019 -14.7526 0
          18.3267 -14.7526 0
          19.6344 -14.7526 0
          20.9421 -14.7526 0
          22.2498 -14.7526 0
          23.5575 -14.7526 0
          24.8652 -14.7526 0
          -25.481 -13.6201 0
          -24.1733 -13.6201 0
          -22.8656 -13.6201 0
          -21.5579 -13.6201 0
          -20.2502 -13.6201 0
          -18.9425 -13.6201 0
          -17.6348 -13.6201 0
          -16.3271 -13.6201 0
          -15.0194 -13.6201 0
          -13.7117 -13.6201 0
          -12.4041 -13.6201 0
          -11.0964 -13.6201 0
          -9.78867 -13.6201 0
          -8.48098 -13.6201 0
          -7.17329 -13.6201 0
          4.59594 -13.6201 0
          5.90364 -13.6201 0
          7.21133 -13.6201 0
          8.51902 -13.6201 0
          -24.8271 -12.4876 0
          -23.5194 -12.4876 0
          -22.2117 -12.4876 0
          -20.9041 -12.4876 0
          -19.5964 -12.4876 0
          -18.2887 -12.4876 0
          -16.981 -12.4876 0
          -15.6733 -12.4876 0
          -14.3656 -12.4876 0
          -13.0579 -12.4876 0
          -11.7502 -12.4876 0
          -10.4425 -12.4876 0
          -9.13483 -12.4876 0
          -7.82713 -12.4876 0
          -6.51944 -12.4876 0
          2.6344 -12.4876 0
          3.9421 -12.4876 0
          5.24979 -12.4876 0
          6.55748 -12.4876 0
          7.86517 -12.4876 0
          -25.481 -11.3551 0
          -24.1733 -11.3551 0
          -22.8656 -11.3551 0
          -21.5579 -11.3551 0
          -20.2502 -11.3551 0
          -18.9425 -11.3551 0
          -17.6348 -11.3551 0
          -16.3271 -11.3551 0
          -15.0194 -11.3551 0
          -13.7117 -11.3551 0
          -12.4041 -11.3551 0
          -11.0964 -11.3551 0
          -9.78867 -11.3551 0
          -8.48098 -11.3551 0
          -7.17329 -11.3551 0
          -5.8656 -11.3551 0
          -4.5579 -11.3551 0
          0.672866 -11.3551 0
          1.98056 -11.3551 0
          3.28825 -11.3551 0
          4.59594 -11.3551 0
          5.90364 -11.3551 0
          7.21133 -11.3551 0
          -24.8271 -10.2226 0
          -23.5194 -10.2226 0
          -22.2117 -10.2226 0
          -20.9041 -10.2226 0
          -19.5964 -10.2226 0
          -18.2887 -10.2226 0
          -16.981 -10.2226 0
          -15.6733 -10.2226 0
          -14.3656 -10.2226 0
          -13.0579 -10.2226 0
          -11.7502 -10.2226 0
          -10.4425 -10.2226 0
          -9.13483 -10.2226 0
          -7.82713 -10.2226 0
          -6.51944 -10.2226 0
          -5.21175 -10.2226 0
          -3.90406 -10.2226 0
          -2.59636 -10.2226 0
          -1.28867 -10.2226 0
          0.0190202 -10.2226 0
          1.32671 -10.2226 0
          2.6344 -10.2226 0
          3.9421 -10.2226 0
          5.24979 -10.2226 0
          6.55748 -10.2226 0
          -25.481 -9.09009 0
          -24.1733 -9.09009 0
          -22.8656 -9.09009 0
          -21.5579 -9.09009 0
          -20.2502 -9.09009 0
          -18.9425 -9.09009 0
          -17.6348 -9.09009 0
          -16.3271 -9.09009 0
          -15.0194 -9.09009 0
          -13.7117 -9.09009 0
          -12.4041 -9.09009 0
          -11.0964 -9.09009 0
          -9.78867 -9.09009 0
          -8.48098 -9.09009 0
          -7.17329 -9.09009 0
          -5.8656 -9.09009 0
          -4.5579 -9.09009 0
          -3.25021 -9.09009 0
          -1.94252 -9.09009 0
          -0.634826 -9.09009 0
          0.672866 -9.09009 0
          1.98056 -9.09009 0
          3.28825 -9.09009 0
          4.59594 -9.09009 0
          5.90364 -9.09009 0
          -24.8271 -7.9576 0
          -23.5194 -7.9576 0
          -22.2117 -7.9576 0
          -20.9041 -7.9576 0
          -19.5964 -7.9576 0
          -18.2887 -7.9576 0
          -16.981 -7.9576 0
          -15.6733 -7.9576 0
          -14.3656 -7.9576 0
          -13.0579 -7.9576 0
          -11.7502 -7.9576 0
          -10.4425 -7.9576 0
          -9.13483 -7.9576 0
          -7.82713 -7.9576 0
          -6.51944 -7.9576 0
          -5.21175 -7.9576 0
          -3.90406 -7.9576 0
          -2.59636 -7.9576 0
          -1.28867 -7.9576 0
          0.0190202 -7.9576 0
          1.32671 -7.9576 0
          2.6344 -7.9576 0
          3.9421 -7.9576 0
          5.24979 -7.9576 0
          -25.481 -6.8251 0
          -24.1733 -6.8251 0
          -22.8656 -6.8251 0
          -21.5579 -6.8251 0
          -20.2502 -6.8251 0
          -18.9425 -6.8251 0
          -17.6348 -6.8251 0
          -16.3271 -6.8251 0
          -15.0194 -6.8251 0
          -13.7117 -6.8251 0
          -12.4041 -6.8251 0
          -11.0964 -6.8251 0
          -9.78867 -6.8251 0
          -8.48098 -6.8251 0
          -7.17329 -6.8251 0
          -5.8656 -6.8251 0
          -4.5579 -6.8251 0
          -3.25021 -6.8251 0
          -1.94252 -6.8251 0
          -0.634826 -6.8251 0
          0.672866 -6.8251 0
          1.98056 -6.8251 0
          3.28825 -6.8251 0
          4.59594 -6.8251 0
          -24.8271 -5.69261 0
          -23.5194 -5.69261 0
          -22.2117 -5.69261 0
          -20.9041 -5.69261 0
          -19.5964 -5.69261 0
          -18.2887 -5.69261 0
          -16.981 -5.69261 0
          -15.6733 -5.69261 0
          -14.3656 -5.69261 0
          -13.0579 -5.69261 0
          -11.7502 -5.69261 0
          -10.4425 -5.69261 0
          -9.13483 -5.69261 0
          -7.82713 -5.69261 0
          -6.51944 -5.69261 0
          -5.21175 -5.69261 0
          -3.90406 -5.69261 0
          -2.59636 -5.69261 0
          -1.28867 -5.69261 0
          0.0190202 -5.69261 0
          1.32671 -5.69261 0
          2.6344 -5.69261 0
          3.9421 -5.69261 0
          -25.481 -4.56011 0
          -24.1733 -4.56011 0
          -22.8656 -4.56011 0
          -21.5579 -4.56011 0
          -20.2502 -4.56011 0
          -18.9425 -4.56011 0
          -17.6348 -4.56011 0
          -16.3271 -4.56011 0
          -15.0194 -4.56011 0
          -13.7117 -4.56011 0
          -12.4041 -4.56011 0
          -11.0964 -4.56011 0
          -9.78867 -4.56011 0
          -8.48098 -4.56011 0
          -7.17329 -4.56011 0
          -5.8656 -4.56011 0
          -4.5579 -4.56011 0
          -3.25021 -4.56011 0
          -1.94252 -4.56011 0
          -0.634826 -4.56011 0
          0.672866 -4.56011 0
          1.98056 -4.56011 0
          3.28825 -4.56011 0
          -24.8271 -3.42762 0
          -23.5194 -3.42762 0
          -22.2117 -3.42762 0
          -20.9041 -3.42762 0
          -19.5964 -3.42762 0
          -18.2887 -3.42762 0
          -16.981 -3.42762 0
          -15.6733 -3.42762 0
          -14.3656 -3.42762 0
          -13.0579 -3.42762 0
          -11.7502 -3.42762 0
          -10.4425 -3.42762 0
          -9.13483 -3.42762 0
          -7.82713 -3.42762 0
          -6.51944 -3.42762 0
          -5.21175 -3.42762 0
          -3.90406 -3.42762 0
          -2.59636 -3.42762 0
          -1.28867 -3.42762 0
          0.0190202 -3.42762 0
          1.32671 -3.42762 0
          -25.481 -2.29512 0
          -24.1733 -2.29512 0
          -22.8656 -2.29512 0
          -21.5579 -2.29512 0
          -20.2502 -2.29512 0
          -18.9425 -2.29512 0
          -17.6348 -2.29512 0
          -16.3271 -2.29512 0
          -15.0194 -2.29512 0
          -13.7117 -2.29512 0
          -12.4041 -2.29512 0
          -11.0964 -2.29512 0
          -9.78867 -2.29512 0
          -5.8656 -2.29512 0
          -4.5579 -2.29512 0
          -3.25021 -2.29512 0
          -1.94252 -2.29512 0
          -0.634826 -2.29512 0
          0.672866 -2.29512 0
          -2.59636 -1.16263 0
          -1.28867 -1.16263 0
        </DataArray>
      </Points>
      <Cells>
        <DataArray type="Int32" Name="connectivity" format="ascii">
          86 228 242
          105 369 368
          633 630 22
          510 486 511
          605 14 604
          119 118 275
          129 473 130
          473 129 448
          478 503 502
          477 478 502
          131 473 498
          473 131 130
          595 616 594
          55 271 256
          136 78 77
          80 79 161
          79 78 136
          76 136 77
          81 80 161
          201 187 188
          187 201 83
          82 187 83
          201 214 83
          214 201 215
          214 84 83
          84 214 228
          105 104 369
          66 65 147
          222 209 223
          222 236 221
          209 210 223
          72 140 73
          153 166 165
          19 628 632
          20 19 632
          633 21 632
          21 20 632
          21 633 22
          104 400 369
          376 40 39
          620 8 7
          600 599 577
          623 11 10
          624 623 602
          623 624 11
          624 12 11
          582 605 604
          581 582 604
          582 581 558
          628 627 608
          19 627 628
          625 14 13
          12 625 13
          625 12 624
          14 625 604
          118 276 275
          305 332 304
          110 283 111
          124 272 300
          125 356 126
          274 119 275
          274 120 119
          425 129 128
          129 425 448
          127 425 128
          425 127 405
          390 408 389
          359 390 389
          473 474 498
          474 473 448
          430 452 429
          477 452 478
          131 522 132
          522 131 498
          527 526 502
          503 527 502
          198 184 185
          199 198 185
          56 55 256
          56 241 57
          241 56 256
          54 271 55
          49 48 385
          49 51 50
          51 49 385
          52 355 53
          354 355 385
          51 355 52
          355 51 385
          190 176 177
          137 76 75
          76 137 136
          229 214 215
          214 229 228
          87 86 242
          86 85 228
          85 84 228
          88 284 89
          106 105 368
          103 400 104
          65 148 147
          173 61 60
          61 173 62
          186 173 60
          186 199 185
          144 69 68
          158 170 157
          146 67 66
          146 66 147
          172 186 185
          186 172 173
          222 208 209
          208 222 221
          236 235 221
          237 238 252
          238 237 223
          237 222 223
          237 236 222
          196 210 209
          156 144 157
          238 253 252
          253 239 254
          253 268 252
          253 238 239
          253 269 268
          269 253 254
          270 269 254
          269 270 297
          325 324 297
          141 153 140
          72 141 140
          141 72 71
          141 71 142
          630 23 22
          631 23 630
          23 631 24
          24 631 25
          631 612 25
          612 26 25
          3 616 4
          486 487 511
          489 490 514
          101 440 102
          419 440 439
          440 419 102
          419 103 102
          103 419 400
          31 497 32
          472 497 471
          497 472 32
          447 35 34
          472 33 32
          447 33 472
          33 447 34
          404 403 372
          36 404 37
          402 403 423
          519 495 520
          495 519 494
          493 517 492
          490 515 514
          628 629 632
          629 633 632
          633 629 630
          588 587 564
          616 617 4
          617 616 595
          619 620 7
          619 618 597
          6 619 7
          619 6 618
          553 554 577
          553 552 529
          599 576 577
          553 576 552
          576 553 577
          600 621 599
          599 621 620
          8 621 9
          620 621 8
          578 554 555
          579 578 555
          554 578 577
          578 600 577
          622 623 10
          622 621 600
          9 622 10
          621 622 9
          558 557 534
          581 557 558
          627 18 17
          18 627 19
          15 14 605
          606 15 605
          16 15 606
          626 627 17
          16 626 17
          626 16 606
          603 624 602
          603 581 604
          603 625 624
          625 603 604
          278 116 115
          276 277 304
          277 305 304
          277 278 305
          278 277 116
          117 276 118
          277 117 116
          117 277 276
          303 276 304
          276 303 275
          113 280 114
          108 110 109
          108 283 110
          283 108 311
          311 108 107
          281 113 112
          281 280 113
          510 485 486
          336 365 364
          365 336 337
          398 367 368
          272 123 122
          123 272 124
          121 272 122
          272 273 300
          274 273 120
          273 121 120
          121 273 272
          327 125 124
          327 124 300
          328 327 300
          125 327 356
          327 328 356
          386 127 126
          127 386 405
          405 386 387
          386 356 387
          356 386 126
          406 405 387
          475 450 476
          360 332 361
          359 360 390
          479 503 478
          409 430 429
          408 409 429
          409 408 390
          409 410 430
          522 546 132
          613 134 592
          613 1 0
          500 475 476
          572 573 595
          572 595 594
          552 528 529
          528 527 503
          227 241 226
          241 227 57
          213 227 226
          239 240 254
          241 240 226
          200 213 199
          186 200 199
          59 200 60
          200 186 60
          299 54 53
          54 299 271
          174 175 188
          81 174 82
          175 174 161
          174 81 161
          187 174 188
          174 187 82
          176 163 177
          152 153 165
          153 152 140
          178 191 177
          191 190 177
          189 175 176
          175 189 188
          190 189 176
          193 180 194
          217 218 232
          74 138 75
          138 137 75
          137 138 150
          149 137 150
          137 149 136
          79 149 161
          149 79 136
          257 258 285
          284 257 285
          257 284 88
          258 257 242
          257 87 242
          87 257 88
          339 106 368
          339 367 338
          367 339 368
          311 339 338
          339 311 107
          106 339 107
          466 99 98
          63 65 64
          63 148 65
          148 63 62
          71 70 142
          67 145 68
          146 145 67
          145 144 68
          144 145 157
          145 158 157
          145 146 158
          148 160 147
          172 160 173
          173 160 62
          160 148 62
          170 171 184
          184 171 185
          171 170 158
          171 172 185
          235 220 221
          220 235 234
          183 170 184
          183 196 182
          195 208 194
          208 195 209
          195 196 209
          196 195 182
          156 143 144
          70 143 142
          143 70 69
          143 69 144
          153 154 166
          141 154 153
          154 141 142
          40 377 41
          377 40 376
          384 48 47
          383 384 47
          48 384 385
          384 354 385
          46 45 382
          383 46 382
          46 383 47
          565 588 564
          567 566 543
          616 615 594
          3 615 616
          615 593 594
          615 3 2
          461 487 486
          441 440 101
          521 545 520
          545 521 30
          521 31 30
          521 497 31
          424 36 35
          424 404 36
          404 424 403
          403 424 423
          424 447 423
          447 424 35
          446 472 471
          447 446 423
          446 447 472
          445 446 471
          370 402 401
          29 545 30
          545 29 568
          29 28 568
          470 445 471
          493 468 494
          518 519 543
          519 518 494
          493 518 517
          518 493 494
          541 565 564
          515 539 514
          491 466 492
          491 515 490
          583 584 606
          583 606 605
          582 583 605
          631 611 612
          611 631 630
          609 629 628
          609 628 608
          609 586 587
          586 609 608
          617 5 4
          5 617 618
          6 5 618
          554 531 555
          598 599 620
          598 619 597
          619 598 620
          598 576 599
          623 601 602
          601 579 602
          601 578 579
          578 601 600
          622 601 623
          601 622 600
          556 579 555
          627 607 608
          584 607 606
          626 607 627
          607 626 606
          278 306 305
          279 280 307
          280 279 114
          306 279 307
          279 306 278
          114 279 115
          279 278 115
          363 335 364
          335 336 364
          336 309 337
          509 510 534
          509 508 484
          485 509 484
          509 485 510
          459 485 484
          398 397 367
          418 419 439
          419 418 400
          426 425 405
          425 426 448
          426 406 427
          406 426 405
          406 407 427
          408 407 389
          451 477 476
          452 451 429
          451 452 477
          450 451 476
          359 358 330
          358 329 330
          358 359 389
          302 303 330
          302 274 275
          303 302 275
          329 302 330
          331 359 330
          331 303 304
          332 331 304
          303 331 330
          331 360 359
          360 331 332
          391 360 361
          360 391 390
          409 391 410
          391 409 390
          546 133 132
          523 522 498
          523 546 522
          135 613 0
          613 135 134
          614 613 592
          593 614 592
          1 614 2
          613 614 1
          614 615 2
          615 614 593
          477 501 476
          501 477 502
          526 501 502
          525 501 526
          500 501 525
          501 500 476
          549 525 526
          572 549 573
          618 596 597
          573 596 595
          596 617 595
          617 596 618
          574 596 573
          596 574 597
          528 551 527
          551 528 552
          238 224 239
          224 238 223
          210 224 223
          211 224 210
          213 212 199
          212 198 199
          212 213 226
          212 211 198
          227 58 57
          58 227 213
          58 200 59
          200 58 213
          270 255 271
          271 255 256
          255 241 256
          255 270 254
          255 240 241
          240 255 254
          270 298 297
          298 325 297
          298 270 271
          299 298 271
          178 164 165
          164 178 177
          163 164 177
          164 152 165
          179 178 165
          166 179 165
          180 179 166
          193 179 180
          248 233 234
          233 247 232
          247 233 248
          218 233 232
          139 138 74
          139 74 73
          140 139 73
          152 139 140
          175 162 176
          162 175 161
          162 163 176
          163 162 150
          162 149 150
          149 162 161
          247 246 232
          246 247 262
          246 261 245
          261 246 262
          373 404 372
          404 373 37
          315 314 287
          315 343 314
          314 286 287
          258 286 285
          313 286 314
          286 313 285
          465 99 466
          465 491 490
          491 465 466
          146 159 158
          160 159 147
          159 146 147
          159 160 172
          171 159 172
          159 171 158
          208 207 194
          207 208 221
          193 207 206
          207 193 194
          207 220 206
          220 207 221
          197 211 210
          198 197 184
          196 197 210
          211 197 198
          183 197 196
          197 183 184
          169 156 157
          170 169 157
          183 169 170
          169 183 182
          167 180 166
          154 167 166
          247 263 262
          263 247 248
          317 345 316
          269 296 268
          296 269 297
          324 296 297
          323 296 324
          352 323 324
          352 383 382
          378 377 347
          377 378 41
          378 42 41
          45 381 382
          44 381 45
          381 44 380
          567 590 566
          590 26 612
          544 545 568
          519 544 543
          545 544 520
          544 519 520
          567 544 568
          544 567 543
          487 462 488
          440 462 439
          461 462 487
          462 461 439
          92 370 401
          496 521 520
          497 496 471
          495 496 520
          521 496 497
          470 496 495
          496 470 471
          443 468 442
          96 443 442
          466 467 492
          467 493 492
          467 468 493
          468 467 442
          467 466 98
          542 518 543
          566 542 543
          565 542 566
          518 542 517
          541 542 565
          542 541 517
          563 586 562
          586 563 587
          587 563 564
          539 563 562
          541 516 517
          517 516 492
          491 516 515
          516 491 492
          489 513 488
          513 489 514
          611 610 588
          588 610 587
          629 610 630
          610 611 630
          609 610 629
          610 609 587
          508 483 484
          483 482 457
          579 580 602
          580 603 602
          580 557 581
          603 580 581
          580 556 557
          556 580 579
          531 532 555
          532 556 555
          585 561 562
          586 585 562
          585 586 608
          561 585 584
          585 607 584
          607 585 608
          283 282 111
          282 309 281
          111 282 112
          282 281 112
          281 308 280
          280 308 307
          308 335 307
          335 308 336
          309 308 281
          308 309 336
          434 435 457
          393 362 363
          436 435 415
          485 460 486
          460 461 486
          459 460 485
          367 366 338
          366 337 338
          366 365 337
          397 366 367
          400 399 369
          369 399 368
          399 398 368
          418 399 400
          450 449 427
          449 474 448
          474 449 475
          449 450 475
          449 426 427
          426 449 448
          428 408 429
          428 450 427
          407 428 427
          428 407 408
          428 451 450
          451 428 429
          329 357 328
          356 357 387
          328 357 356
          358 357 329
          273 301 300
          301 328 300
          301 273 274
          301 329 328
          301 302 329
          302 301 274
          530 553 529
          530 531 554
          553 530 554
          531 530 506
          530 505 506
          505 530 529
          481 482 506
          505 481 506
          528 504 529
          479 504 503
          504 528 503
          504 505 529
          333 332 305
          332 333 361
          306 333 305
          333 362 361
          453 452 430
          452 453 478
          453 479 478
          453 454 479
          432 433 455
          454 432 455
          133 569 134
          134 569 592
          569 133 546
          523 547 546
          499 474 475
          474 499 498
          500 499 475
          499 523 498
          550 574 573
          550 549 526
          527 550 526
          549 550 573
          550 551 574
          551 550 527
          574 575 597
          575 598 597
          576 575 552
          598 575 576
          575 551 552
          551 575 574
          224 225 239
          225 240 239
          240 225 226
          225 224 211
          212 225 211
          225 212 226
          325 326 354
          326 355 354
          326 298 299
          298 326 325
          355 326 53
          326 299 53
          202 201 188
          201 202 215
          189 202 188
          202 216 215
          192 193 206
          192 191 178
          179 192 178
          192 179 193
          192 205 191
          205 192 206
          191 204 190
          204 218 217
          204 205 218
          205 204 191
          219 205 206
          220 219 206
          219 220 234
          205 219 218
          219 233 218
          233 219 234
          151 163 150
          138 151 150
          151 164 163
          164 151 152
          139 151 138
          151 139 152
          231 216 217
          231 217 232
          231 246 245
          246 231 232
          229 243 228
          228 243 242
          243 258 242
          244 243 229
          261 260 245
          260 244 245
          373 374 37
          374 373 343
          371 370 340
          403 371 372
          402 371 403
          370 371 402
          341 371 340
          371 341 372
          312 284 285
          313 312 285
          341 312 313
          312 341 340
          90 312 340
          284 312 89
          312 90 89
          343 342 314
          342 313 314
          342 373 372
          373 342 343
          342 341 313
          341 342 372
          465 100 99
          100 441 101
          169 168 156
          168 169 182
          289 261 262
          289 317 316
          346 318 347
          346 377 376
          377 346 347
          345 346 376
          317 346 345
          346 317 318
          353 324 325
          353 325 354
          384 353 354
          353 384 383
          352 353 383
          353 352 324
          44 43 380
          26 591 27
          590 591 26
          591 590 567
          591 567 568
          591 28 27
          28 591 568
          565 589 588
          589 565 566
          611 589 612
          589 611 588
          590 589 566
          589 590 612
          463 489 488
          441 463 440
          463 462 440
          462 463 488
          422 402 423
          446 422 423
          402 422 401
          422 446 445
          421 422 445
          422 421 401
          94 421 420
          421 94 401
          370 91 340
          92 91 370
          91 90 340
          97 96 442
          97 467 98
          467 97 442
          469 470 495
          469 495 494
          468 469 494
          443 469 468
          563 540 564
          540 539 515
          540 541 564
          540 563 539
          540 516 541
          516 540 515
          538 539 562
          539 538 514
          561 538 562
          538 513 514
          510 535 534
          535 510 511
          535 558 534
          536 535 511
          560 561 584
          583 560 584
          512 487 488
          487 512 511
          513 512 488
          512 536 511
          507 483 508
          507 531 506
          482 507 506
          483 507 482
          507 532 531
          532 507 508
          556 533 557
          533 509 534
          557 533 534
          509 533 508
          532 533 556
          533 532 508
          310 311 338
          310 283 311
          337 310 338
          309 310 337
          282 310 309
          310 282 283
          396 397 415
          396 366 397
          366 396 365
          365 395 364
          396 395 365
          362 392 361
          392 411 410
          392 391 361
          391 392 410
          393 392 362
          392 393 411
          458 459 484
          435 458 457
          458 483 457
          483 458 484
          458 436 459
          436 458 435
          416 397 398
          397 416 415
          416 436 415
          438 418 439
          461 438 439
          460 438 461
          388 406 387
          407 388 389
          388 407 406
          388 358 389
          388 357 358
          357 388 387
          482 456 457
          456 434 457
          433 456 455
          434 456 433
          481 456 482
          456 481 455
          481 480 455
          480 454 455
          454 480 479
          480 481 505
          504 480 505
          480 504 479
          335 334 307
          334 306 307
          334 335 363
          362 334 363
          333 334 362
          334 333 306
          393 412 411
          432 412 433
          412 432 411
          411 431 410
          431 453 430
          410 431 430
          453 431 454
          431 432 454
          432 431 411
          548 549 572
          549 548 525
          569 570 592
          570 593 592
          570 569 546
          547 570 546
          203 202 189
          216 203 217
          203 189 190
          202 203 216
          203 204 217
          204 203 190
          230 244 229
          216 230 215
          230 229 215
          244 230 245
          231 230 216
          230 231 245
          243 259 258
          286 259 287
          259 286 258
          259 243 244
          260 259 244
          259 260 287
          374 38 37
          375 345 376
          375 376 39
          38 375 39
          375 38 374
          100 464 441
          464 100 465
          464 465 490
          489 464 490
          464 463 441
          463 464 489
          155 154 142
          143 155 142
          155 143 156
          155 167 154
          155 168 167
          168 155 156
          181 195 194
          180 181 194
          195 181 182
          167 181 180
          181 168 182
          168 181 167
          268 267 252
          264 263 248
          288 315 287
          260 288 287
          315 288 316
          288 260 261
          289 288 261
          288 289 316
          317 290 318
          263 290 262
          289 290 317
          290 289 262
          95 94 420
          443 95 420
          95 443 96
          93 92 401
          94 93 401
          444 421 445
          470 444 445
          421 444 420
          444 443 420
          444 469 443
          469 444 470
          535 559 558
          559 582 558
          559 583 582
          559 535 536
          560 559 536
          559 560 583
          537 560 536
          537 538 561
          538 537 513
          560 537 561
          512 537 536
          537 512 513
          434 414 435
          435 414 415
          414 396 415
          414 395 396
          417 399 418
          399 417 398
          417 416 398
          438 417 418
          394 393 363
          394 363 364
          395 394 364
          394 412 393
          524 547 523
          524 499 500
          524 500 525
          499 524 523
          548 524 525
          524 548 547
          571 548 572
          593 571 594
          571 572 594
          548 571 547
          571 570 547
          570 571 593
          344 315 316
          345 344 316
          315 344 343
          344 374 343
          344 375 374
          375 344 345
          250 235 236
          295 296 323
          296 295 268
          295 267 268
          379 349 380
          43 379 380
          378 379 42
          379 43 42
          437 460 459
          436 437 459
          416 437 436
          437 438 460
          437 417 438
          417 437 416
          412 413 433
          413 414 434
          413 434 433
          414 413 395
          394 413 412
          413 394 395
          235 249 234
          249 248 234
          249 264 248
          250 249 235
          318 319 347
          349 350 380
          350 381 380
          321 350 349
          237 251 236
          251 237 252
          267 251 252
          251 250 236
          251 266 250
          266 251 267
          294 321 293
          295 294 267
          266 294 293
          294 266 267
          266 265 250
          265 292 264
          292 265 293
          265 266 293
          265 249 250
          249 265 264
          264 291 263
          290 291 318
          291 290 263
          292 291 264
          319 291 292
          291 319 318
          348 379 378
          348 378 347
          379 348 349
          319 348 347
          352 351 323
          351 352 382
          381 351 382
          350 351 381
          320 292 293
          320 321 349
          321 320 293
          320 319 292
          320 348 319
          348 320 349
          322 350 321
          322 294 295
          322 295 323
          294 322 321
          322 351 350
          351 322 323
        </DataArray>
        <DataArray type="Int32" Name="offsets" format="ascii">
          3          6          9          12          15          18          21          24          27          30          33          36          39          42          45          48          51          54          57          60          63          66          69          72          75          78          81          84          87          90          93          96          99          102          105          108          111          114          117          120          123          126          129          132          135          138          141          144          147          150          153          156          159          162          165          168          171          174          177          180          183          186          189          192          195          198          201          204          207          210          213          216          219          222          225          228          231          234          237          240          243          246          249          252          255          258          261          264          267          270          273          276          279          282          285          288          291          294          297          300          303          306          309          312          315          318          321          324          327          330          333          336          339          342          345          348          351          354          357          360          363          366          369          372          375          378          381          384          387          390          393          396          399          402          405          408          411          414          417          420          423          426          429          432          435          438          441          444          447          450          453          456          459          462          465          468          471          474          477          480          483          486          489          492          495          498          501          504          507          510          513          516          519          522          525          528          531          534          537          540          543          546          549          552          555          558          561          564          567          570          573          576          579          582          585          588          591          594          597          600          603          606          609          612          615          618          621          624          627          630          633          636          639          642          645          648          651          654          657          660          663          666          669          672          675          678          681          684          687          690          693          696          699          702          705          708          711          714          717          720          723          726          729          732          735          738          741          744          747          750          753          756          759          762          765          768          771          774          777          780          783          786          789          792          795          798          801          804          807          810          813          816          819          822          825          828          831          834          837          840          843          846          849          852          855          858          861          864          867          870          873          876          879          882          885          888          891          894          897          900          903          906          909          912          915          918          921          924          927          930          933          936          939          942          945          948          951          954          957          960          963          966          969          972          975          978          981          984          987          990          993          996          999          1002          1005          1008          1011          1014          1017          1020          1023          1026          1029          1032          1035          1038          1041          1044          1047          1050          1053          1056          1059          1062          1065          1068          1071          1074          1077          1080          1083          1086          1089          1092          1095          1098          1101          1104          1107          1110          1113          1116          1119          1122          1125          1128          1131          1134          1137          1140          1143          1146          1149          1152          1155          1158          1161          1164          1167          1170          1173          1176          1179          1182          1185          1188          1191          1194          1197          1200          1203          1206          1209          1212          1215          1218          1221          1224          1227          1230          1233          1236          1239          1242          1245          1248          1251          1254          1257          1260          1263          1266          1269          1272          1275          1278          1281          1284          1287          1290          1293          1296          1299          1302          1305          1308          1311          1314          1317          1320          1323          1326          1329          1332          1335          1338          1341          1344          1347          1350          1353          1356          1359          1362          1365          1368          1371          1374          1377          1380          1383          1386          1389          1392          1395          1398          1401          1404          1407          1410          1413          1416          1419          1422          1425          1428          1431          1434          1437          1440          1443          1446          1449          1452          1455          1458          1461          1464          1467          1470          1473          1476          1479          1482          1485          1488          1491          1494          1497          1500          1503          1506          1509          1512          1515          1518          1521          1524          1527          1530          1533          1536          1539          1542          1545          1548          1551          1554          1557          1560          1563          1566          1569          1572          1575          1578          1581          1584          1587          1590          1593          1596          1599          1602          1605          1608          1611          1614          1617          1620          1623          1626          1629          1632          1635          1638          1641          1644          1647          1650          1653          1656          1659          1662          1665          1668          1671          1674          1677          1680          1683          1686          1689          1692          1695          1698          1701          1704          1707          1710          1713          1716          1719          1722          1725          1728          1731          1734          1737          1740          1743          1746          1749          1752          1755          1758          1761          1764          1767          1770          1773          1776          1779          1782          1785          1788          1791          1794          1797          1800          1803          1806          1809          1812          1815          1818          1821          1824          1827          1830          1833          1836          1839          1842          1845          1848          1851          1854          1857          1860          1863          1866          1869          1872          1875          1878          1881          1884          1887          1890          1893          1896          1899          1902          1905          1908          1911          1914          1917          1920          1923          1926          1929          1932          1935          1938          1941          1944          1947          1950          1953          1956          1959          1962          1965          1968          1971          1974          1977          1980          1983          1986          1989          1992          1995          1998          2001          2004          2007          2010          2013          2016          2019          2022          2025          2028          2031          2034          2037          2040          2043          2046          2049          2052          2055          2058          2061          2064          2067          2070          2073          2076          2079          2082          2085          2088          2091          2094          2097          2100          2103          2106          2109          2112          2115          2118          2121          2124          2127          2130          2133          2136          2139          2142          2145          2148          2151          2154          2157          2160          2163          2166          2169          2172          2175          2178          2181          2184          2187          2190          2193          2196          2199          2202          2205          2208          2211          2214          2217          2220          2223          2226          2229          2232          2235          2238          2241          2244          2247          2250          2253          2256          2259          2262          2265          2268          2271          2274          2277          2280          2283          2286          2289          2292          2295          2298          2301          2304          2307          2310          2313          2316          2319          2322          2325          2328          2331          2334          2337          2340          2343          2346          2349          2352          2355          2358          2361          2364          2367          2370          2373          2376          2379          2382          2385          2388          2391          2394          2397          2400          2403          2406          2409          2412          2415          2418          2421          2424          2427          2430          2433          2436          2439          2442          2445          2448          2451          2454          2457          2460          2463          2466          2469          2472          2475          2478          2481          2484          2487          2490          2493          2496          2499          2502          2505          2508          2511          2514          2517          2520          2523          2526          2529          2532          2535          2538          2541          2544          2547          2550          2553          2556          2559          2562          2565          2568          2571          2574          2577          2580          2583          2586          2589          2592          2595          2598          2601          2604          2607          2610          2613          2616          2619          2622          2625          2628          2631          2634          2637          2640          2643          2646          2649          2652          2655          2658          2661          2664          2667          2670          2673          2676          2679          2682          2685          2688          2691          2694          2697          2700          2703          2706          2709          2712          2715          2718          2721          2724          2727          2730          2733          2736          2739          2742          2745          2748          2751          2754          2757          2760          2763          2766          2769          2772          2775          2778          2781          2784          2787          2790          2793          2796          2799          2802          2805          2808          2811          2814          2817          2820          2823          2826          2829          2832          2835          2838          2841          2844          2847          2850          2853          2856          2859          2862          2865          2868          2871          2874          2877          2880          2883          2886          2889          2892          2895          2898          2901          2904          2907          2910          2913          2916          2919          2922          2925          2928          2931          2934          2937          2940          2943          2946          2949          2952          2955          2958          2961          2964          2967          2970          2973          2976          2979          2982          2985          2988          2991          2994          2997          3000          3003          3006          3009          3012          3015          3018          3021          3024          3027          3030          3033          3036          3039          3042          3045          3048          3051          3054          3057          3060          3063          3066          3069          3072          3075          3078          3081          3084          3087          3090          3093          3096          3099          3102          3105          3108          3111          3114          3117          3120          3123          3126          3129          3132          3135          3138          3141          3144          3147          3150          3153          3156          3159          3162          3165          3168          3171          3174          3177          3180          3183          3186          3189          3192          3195          3198          3201          3204          3207          3210          3213          3216          3219          3222          3225          3228          3231          3234          3237          3240          3243          3246          3249          3252          3255          3258          3261          3264          3267          3270          3273          3276          3279          3282          3285          3288          3291          3294          3297          3300          3303          3306          3309          3312          3315          3318          3321          3324          3327          3330          3333          3336          3339          3342          3345          3348          3351          3354          3357          3360          3363          3366          3369          3372          3375          3378          3381          3384          3387          3390
        </DataArray>
        <DataArray type="UInt8" Name="types" format="ascii">
          5          5          5          5          5          5          5          5          5          5          5          5          5          5          5          5          5          5          5          5          5          5          5          5          5          5          5          5          5          5          5          5          5          5          5          5          5          5          5          5          5          5          5          5          5          5          5          5          5          5          5          5          5          5          5          5          5          5          5          5          5          5          5          5          5          5          5          5          5          5          5          5          5          5          5          5          5          5          5          5          5          5          5          5          5          5          5          5          5          5          5          5          5          5          5          5          5          5          5          5          5          5          5          5          5          5          5          5          5          5          5          5          5          5          5          5          5          5          5          5          5          5          5          5          5          5          5          5          5          5          5          5          5          5          5          5          5          5          5          5          5          5          5          5          5          5          5          5          5          5          5          5          5          5          5          5          5          5          5          5          5          5          5          5          5          5          5          5          5          5          5          5          5          5          5          5          5          5          5          5          5          5          5          5          5          5          5          5          5          5          5          5          5          5          5          5          5          5          5          5          5          5          5          5          5          5          5          5          5          5          5          5          5          5          5          5          5          5          5          5          5          5          5          5          5          5          5          5          5          5          5          5          5          5          5          5          5          5          5          5          5          5          5          5          5          5          5          5          5          5          5          5          5          5          5          5          5          5          5          5          5          5          5          5          5          5          5          5          5          5          5          5          5          5          5          5          5          5          5          5          5          5          5          5          5          5          5          5          5          5          5          5          5          5          5          5          5          5          5          5          5          5          5          5          5          5          5          5          5          5          5          5          5          5          5          5          5          5          5          5          5          5          5          5          5          5          5          5          5          5          5          5          5          5          5          5          5          5          5          5          5          5          5          5          5          5          5          5          5          5          5          5          5          5          5          5          5          5          5          5          5          5          5          5          5          5          5          5          5          5          5          5          5          5          5          5          5          5          5          5          5          5          5          5          5          5          5          5          5          5          5          5          5          5          5          5          5          5          5          5          5          5          5          5          5          5          5          5          5          5          5          5          5          5          5          5          5          5          5          5          5          5          5          5          5          5          5          5          5          5          5          5          5          5          5          5          5          5          5          5          5          5          5          5          5          5          5          5          5          5          5          5          5          5          5          5          5          5          5          5          5          5          5          5          5          5          5          5          5          5          5          5          5          5          5          5          5          5          5          5          5          5          5          5          5          5          5          5          5          5          5          5          5          5          5          5          5          5          5          5          5          5          5          5          5          5          5          5          5          5          5          5          5          5          5          5          5          5          5          5          5          5          5          5          5          5          5          5          5          5          5          5          5          5          5          5          5          5          5          5          5          5          5          5          5          5          5          5          5          5          5          5          5          5          5          5          5          5          5          5          5          5          5          5          5          5          5          5          5          5          5          5          5          5          5          5          5          5          5          5          5          5          5          5          5          5          5          5          5          5          5          5          5          5          5          5          5          5          5          5          5          5          5          5          5          5          5          5          5          5          5          5          5          5          5          5          5          5          5          5          5          5          5          5          5          5          5          5          5          5          5          5          5          5          5          5          5          5          5          5          5          5          5          5          5          5          5          5          5          5          5          5          5          5          5          5          5          5          5          5          5          5          5          5          5          5          5          5          5          5          5          5          5          5          5          5          5          5          5          5          5          5          5          5          5          5          5          5          5          5          5          5          5          5          5          5          5          5          5          5          5          5          5          5          5          5          5          5          5          5          5          5          5          5          5          5          5          5          5          5          5          5          5          5          5          5          5          5          5          5          5          5          5          5          5          5          5          5          5          5          5          5          5          5          5          5          5          5          5          5          5          5          5          5          5          5          5          5          5          5          5          5          5          5          5          5          5          5          5          5          5          5          5          5          5          5          5          5          5          5          5          5          5          5          5          5          5          5          5          5          5          5          5          5          5          5          5          5          5          5          5          5          5          5          5          5          5          5          5          5          5          5          5          5          5          5          5          5          5          5          5          5          5          5          5          5          5          5          5          5          5          5          5          5          5          5          5          5          5          5          5          5          5          5          5          5          5          5          5          5          5          5          5          5          5          5          5          5          5          5          5          5          5          5          5          5          5          5          5          5          5          5          5          5          5          5          5          5          5          5          5          5          5          5          5          5          5          5          5          5          5          5          5          5          5          5          5          5          5          5          5          5          5          5          5          5          5          5          5          5          5          5          5          5          5          5          5          5          5          5          5          5          5          5          5          5          5          5          5          5          5          5          5          5          5          5          5          5          5          5          5          5          5          5          5          5          5          5          5          5          5          5          5          5          5          5          5          5          5          5          5          5          5          5          5          5          5          5          5          5          5          5          5          5          5          5          5          5          5          5          5          5          5          5          5          5          5          5          5          5          5          5          5          5          5          5          5          5          5          5          5          5          5          5          5          5          5          5          5          5          5          5          5          5          5          5          5          5          5          5          5          5          5          5          5          5          5          5          5          5          5          5          5          5          5          5          5          5          5          5          5          5          5          5          5          5          5          5          5          5          5          5          5          5          5          5          5          5          5          5          5          5          5          5          5          5          5          5          5          5          5          5          5          5          5          5          5          5          5          5          5          5          5          5          5          5          5          5          5          5          5          5          5          5          5          5          5          5          5          5          5          5          5          5          5          5          5          5          5          5          5          5          5          5          5          5          5          5          5          5          5          5          5          5          5          5          5          5          5          5
        </DataArray>
      </Cells>
      <CellData>
        <DataArray type="Float64" Name="rho" format="ascii">
          0.729282
          0.933434
          0.982485
          0.960852
          0.985408
          0.967179
          0.966976
          0.966969
          0.966862
          0.966845
          0.967001
          0.966997
          0.967257
          0.763854
          0.774826
          0.755286
          0.763108
          0.781835
          0.750211
          0.743001
          0.738118
          0.736319
          0.737771
          0.741819
          0.731836
          0.733556
          0.926676
          0.764515
          0.762813
          0.762015
          0.763262
          0.771493
          0.765957
          0.982734
          0.984434
          0.983608
          0.985739
          0.985337
          0.926989
          0.780716
          0.968334
          0.969548
          0.972562
          0.975726
          0.975117
          0.976197
          0.982354
          0.980408
          0.977039
          0.979229
          0.981287
          0.995492
          0.980375
          0.981863
          0.988945
          0.967203
          0.967005
          0.972521
          0.967049
          0.966993
          0.967141
          0.967127
          0.966962
          0.96696
          0.966962
          0.966957
          0.966756
          0.966801
          0.966983
          0.966967
          0.966589
          0.966728
          0.967026
          0.96702
          0.967074
          0.967034
          0.764115
          0.763977
          0.76407
          0.764061
          0.76402
          0.764009
          0.764332
          0.764034
          0.764124
          0.763949
          0.764118
          0.763988
          0.763973
          0.759887
          0.778521
          0.778005
          0.741246
          0.737346
          0.724169
          0.726792
          0.728052
          0.721302
          0.93566
          0.918838
          0.764342
          0.764117
          0.764191
          0.764244
          0.764034
          0.765702
          0.765239
          0.765006
          0.764736
          0.764203
          0.764171
          0.762814
          0.762231
          0.761344
          0.762585
          0.762485
          0.762708
          0.762179
          0.763521
          0.765968
          0.762429
          0.762903
          0.762615
          0.762772
          0.762727
          0.762955
          0.763291
          0.763381
          0.763811
          0.768954
          0.770134
          0.769056
          0.767935
          0.984458
          0.981079
          0.98447
          0.982949
          0.978326
          0.980647
          0.967227
          0.957461
          0.939599
          0.909975
          0.930302
          0.917925
          0.914936
          0.921628
          0.89522
          0.872048
          0.878456
          0.83679
          0.875114
          0.854369
          0.855047
          0.800023
          0.820122
          0.804244
          0.915677
          0.90861
          0.91687
          0.941085
          0.98101
          0.982144
          0.980894
          0.970156
          0.967302
          0.967317
          0.968168
          0.967787
          0.96784
          0.967735
          0.968946
          0.967853
          0.968944
          0.968205
          0.968669
          0.969614
          0.969026
          0.96913
          0.968869
          0.97009
          0.971245
          0.969686
          0.970141
          0.971898
          0.970275
          0.970426
          0.970012
          0.972055
          0.975047
          0.979886
          0.983203
          0.991854
          0.973734
          0.964907
          0.979342
          0.976159
          0.975137
          0.978477
          0.981637
          0.981679
          0.984509
          0.967616
          0.9672
          0.967181
          0.967285
          0.967454
          0.967264
          0.9674
          0.9673
          0.967133
          0.967143
          0.968503
          0.963799
          0.964334
          0.956024
          0.948894
          0.969374
          0.968626
          0.960844
          0.964115
          0.963437
          0.948881
          0.967073
          0.967053
          0.967082
          0.967068
          0.967103
          0.967097
          0.967082
          0.967024
          0.96703
          0.967024
          0.967003
          0.967002
          0.966972
          0.966961
          0.966952
          0.966967
          0.966973
          0.966934
          0.966901
          0.966722
          0.966762
          0.966753
          0.966555
          0.966653
          0.966669
          0.966423
          0.967047
          0.967094
          0.967092
          0.966945
          0.967293
          0.967245
          0.967553
          0.967124
          0.763856
          0.76396
          0.763917
          0.763153
          0.763695
          0.763977
          0.764085
          0.764196
          0.764095
          0.763988
          0.763985
          0.749147
          0.744246
          0.752759
          0.750436
          0.745237
          0.743481
          0.762434
          0.767451
          0.769322
          0.761916
          0.760135
          0.755243
          0.752041
          0.757432
          0.762397
          0.756231
          0.775834
          0.776938
          0.771133
          0.769582
          0.769806
          0.760841
          0.766544
          0.736312
          0.730683
          0.727597
          0.731843
          0.728337
          0.722522
          0.940263
          0.953546
          0.948958
          0.954957
          0.946986
          0.94215
          0.858351
          0.763999
          0.764149
          0.76407
          0.767094
          0.765458
          0.765282
          0.765822
          0.765637
          0.765481
          0.765237
          0.764322
          0.764262
          0.764134
          0.764282
          0.764658
          0.764328
          0.764888
          0.764326
          0.760459
          0.759588
          0.764642
          0.764422
          0.76286
          0.76324
          0.763667
          0.764189
          0.765768
          0.76671
          0.766045
          0.76621
          0.766195
          0.767466
          0.767167
          0.776091
          0.77599
          0.76482
          0.764902
          0.764501
          0.764183
          0.765449
          0.765129
          0.76528
          0.96649
          0.954098
          0.967209
          0.967201
          0.967173
          0.967155
          0.953159
          0.914895
          0.921395
          0.924886
          0.915048
          0.902726
          0.825316
          0.816951
          0.810746
          0.81153
          0.825104
          0.830472
          0.856295
          0.830881
          0.846859
          0.849176
          0.777424
          0.932975
          0.944522
          0.954128
          0.859325
          0.895734
          0.932505
          0.920148
          0.924311
          0.911909
          0.960012
          0.950156
          0.908447
          0.931611
          0.97534
          0.977214
          0.978011
          0.978086
          0.97973
          0.980013
          0.978347
          0.975061
          0.976961
          0.967344
          0.967467
          0.967534
          0.969178
          0.968617
          0.968004
          0.968259
          0.968575
          0.973934
          0.973604
          0.972039
          0.971115
          0.972318
          0.971243
          0.971731
          0.977326
          0.97549
          0.977344
          0.975317
          0.967244
          0.967556
          0.968063
          0.967318
          0.967403
          0.967958
          0.967693
          0.965403
          0.965104
          0.964894
          0.966253
          0.964836
          0.963148
          0.963303
          0.960675
          0.952816
          0.934595
          0.929542
          0.966943
          0.966944
          0.966906
          0.966927
          0.966877
          0.966806
          0.966834
          0.966696
          0.966759
          0.966854
          0.966922
          0.966963
          0.966867
          0.967033
          0.967105
          0.967099
          0.967016
          0.966918
          0.967026
          0.96697
          0.967001
          0.966849
          0.966837
          0.966585
          0.966654
          0.966442
          0.966585
          0.967057
          0.967027
          0.967049
          0.967091
          0.967089
          0.967108
          0.967124
          0.967113
          0.967106
          0.967141
          0.967145
          0.966906
          0.966914
          0.967021
          0.967047
          0.967016
          0.96695
          0.96713
          0.967248
          0.967628
          0.967381
          0.967397
          0.967496
          0.967463
          0.967606
          0.967337
          0.967521
          0.762762
          0.762906
          0.762988
          0.763337
          0.763882
          0.763788
          0.763726
          0.763629
          0.764149
          0.764048
          0.764163
          0.764146
          0.76373
          0.763867
          0.76386
          0.763459
          0.763638
          0.763457
          0.763701
          0.763827
          0.763805
          0.763919
          0.764954
          0.763779
          0.764223
          0.767035
          0.763636
          0.764466
          0.763518
          0.762249
          0.757046
          0.756154
          0.755946
          0.75521
          0.775183
          0.773749
          0.772812
          0.770714
          0.758539
          0.756335
          0.761173
          0.765237
          0.763955
          0.761114
          0.754472
          0.756488
          0.755989
          0.75498
          0.803731
          0.816843
          0.762182
          0.771397
          0.759257
          0.742979
          0.757152
          0.751668
          0.875282
          0.918142
          0.902795
          0.764904
          0.76447
          0.764731
          0.764382
          0.764477
          0.764784
          0.762262
          0.761606
          0.760433
          0.761297
          0.759582
          0.760825
          0.763529
          0.764
          0.763842
          0.763768
          0.764166
          0.764333
          0.765484
          0.765374
          0.764967
          0.764932
          0.764043
          0.765304
          0.75591
          0.756781
          0.764702
          0.762926
          0.763272
          0.763462
          0.763464
          0.763752
          0.764641
          0.769316
          0.772725
          0.772362
          0.765261
          0.765636
          0.765836
          0.960913
          0.97239
          0.94267
          0.93753
          0.931646
          0.928476
          0.949754
          0.947132
          0.947177
          0.936563
          0.948498
          0.943403
          0.762233
          0.908981
          0.883285
          0.904475
          0.897665
          0.889003
          0.877376
          0.840118
          0.808695
          0.891244
          0.900803
          0.883196
          0.861089
          0.857789
          0.941586
          0.950805
          0.957506
          0.936374
          0.954143
          0.945233
          0.968946
          0.971039
          0.968024
          0.964047
          0.940863
          0.929175
          0.934886
          0.924001
          0.946739
          0.947114
          0.976307
          0.974643
          0.979899
          0.978364
          0.978661
          0.976823
          0.964618
          0.964298
          0.974921
          0.977382
          0.97586
          0.978487
          0.973679
          0.973442
          0.969178
          0.970261
          0.969804
          0.971573
          0.975013
          0.971933
          0.974799
          0.976445
          0.970442
          0.967691
          0.970746
          0.969449
          0.967708
          0.967376
          0.966571
          0.966015
          0.967316
          0.965948
          0.96265
          0.965767
          0.959172
          0.957543
          0.954167
          0.95826
          0.956811
          0.960055
          0.961677
          0.956106
          0.93165
          0.937208
          0.94423
          0.934866
          0.966891
          0.966949
          0.966943
          0.966913
          0.96691
          0.966935
          0.966733
          0.966851
          0.966841
          0.966793
          0.966817
          0.966752
          0.966989
          0.966962
          0.966986
          0.966964
          0.967062
          0.967034
          0.967081
          0.967022
          0.967035
          0.967077
          0.967902
          0.968436
          0.968381
          0.96758
          0.967198
          0.967359
          0.96606
          0.966494
          0.967212
          0.966784
          0.967063
          0.967115
          0.966908
          0.966693
          0.966954
          0.966498
          0.966501
          0.966608
          0.96656
          0.966369
          0.965252
          0.965696
          0.967078
          0.96709
          0.967077
          0.967065
          0.96697
          0.966988
          0.966974
          0.967017
          0.967393
          0.967198
          0.967207
          0.967285
          0.967457
          0.967319
          0.967743
          0.967974
          0.968028
          0.9682
          0.967741
          0.967633
          0.763082
          0.763211
          0.763436
          0.763196
          0.763448
          0.763561
          0.764094
          0.764028
          0.763988
          0.763939
          0.764038
          0.763883
          0.746346
          0.745191
          0.749778
          0.748932
          0.760252
          0.760891
          0.76224
          0.761282
          0.759889
          0.758927
          0.758823
          0.755816
          0.757783
          0.758156
          0.758364
          0.758517
          0.758077
          0.756799
          0.756896
          0.756926
          0.766922
          0.771295
          0.767223
          0.768074
          0.771514
          0.771015
          0.753953
          0.754137
          0.753387
          0.755515
          0.738049
          0.733806
          0.736311
          0.743128
          0.753988
          0.752632
          0.813149
          0.785654
          0.76453
          0.791536
          0.789274
          0.779784
          0.768614
          0.777282
          0.739955
          0.747961
          0.759405
          0.754599
          0.741603
          0.732202
          0.727362
          0.771961
          0.768033
          0.786276
          0.785209
          0.76605
          0.780595
          0.881825
          0.891631
          0.765632
          0.764933
          0.758352
          0.760585
          0.766504
          0.771316
          0.768715
          0.770067
          0.766629
          0.764921
          0.764002
          0.764132
          0.764295
          0.764461
          0.764334
          0.764113
          0.766678
          0.976624
          0.968726
          0.962294
          0.956985
          0.965464
          0.960253
          0.968894
          0.964576
          0.975503
          0.973687
          0.96658
          0.972462
          0.938938
          0.924306
          0.933566
          0.940558
          0.805066
          0.823611
          0.795221
          0.829389
          0.817862
          0.794393
          0.778519
          0.771166
          0.748293
          0.735276
          0.728454
          0.793115
          0.832731
          0.835763
          0.87975
          0.892515
          0.880648
          0.859349
          0.96211
          0.952616
          0.957142
          0.959858
          0.948824
          0.945907
          0.961984
          0.955901
          0.965576
          0.954326
          0.967038
          0.964536
          0.970284
          0.965143
          0.970932
          0.973224
          0.952812
          0.957313
          0.952658
          0.96183
          0.965718
          0.967295
          0.96621
          0.965516
          0.967858
          0.967324
          0.97142
          0.96793
          0.970571
          0.967083
          0.970018
          0.968072
          0.959851
          0.964376
          0.962332
          0.964425
          0.966789
          0.966806
          0.958352
          0.9584
          0.960647
          0.963344
          0.961983
          0.966282
          0.966069
          0.966405
          0.966301
          0.965986
          0.965831
          0.96116
          0.961922
          0.963165
          0.96284
          0.959299
          0.960324
          0.95335
          0.956125
          0.957052
          0.941605
          0.945833
          0.950457
          0.966918
          0.966859
          0.966887
          0.966889
          0.966928
          0.966939
          0.964518
          0.963722
          0.96492
          0.964222
          0.965262
          0.965413
          0.965891
          0.965995
          0.966299
          0.966398
          0.96667
          0.966613
          0.966534
          0.966838
          0.96597
          0.966105
          0.966436
          0.966784
          0.965454
          0.965042
          0.965442
          0.966048
          0.966329
          0.966265
          0.96619
          0.965912
          0.965796
          0.967183
          0.967127
          0.967099
          0.967117
          0.967084
          0.967088
          0.752803
          0.753638
          0.755668
          0.751995
          0.756082
          0.756625
          0.746839
          0.748997
          0.745603
          0.749837
          0.751297
          0.752669
          0.742141
          0.751708
          0.747204
          0.746032
          0.749763
          0.754457
          0.803761
          0.773748
          0.780771
          0.788588
          0.789313
          0.90134
          0.895232
          0.916668
          0.928973
          0.919184
          0.930022
          0.766401
          0.766083
          0.76614
          0.76537
          0.765429
          0.765327
          0.763668
          0.762968
          0.764023
          0.764137
          0.764841
          0.764367
          0.76231
          0.758723
          0.762882
          0.756544
          0.762229
          0.75817
          0.757282
          0.762392
          0.762159
          0.757636
          0.760074
          0.757253
          0.757006
          0.801741
          0.785411
          0.744716
          0.753676
          0.824648
          0.848111
          0.809915
          0.817919
          0.844482
          0.859822
          0.9715
          0.974756
          0.975845
          0.968849
          0.969678
          0.972839
          0.966579
          0.964189
          0.959149
          0.967401
          0.962358
          0.958321
          0.961975
          0.960559
          0.960154
          0.961676
          0.941986
          0.946016
          0.950248
          0.945003
          0.965275
          0.964882
          0.964065
          0.965054
          0.967062
          0.967015
          0.967034
          0.967028
          0.967087
          0.967087
          0.967162
          0.967164
          0.967192
          0.967122
          0.967112
          0.967132
          0.769528
          0.76674
          0.771073
          0.781705
          0.777395
          0.772306
          0.761442
          0.76314
          0.762776
          0.762716
          0.7657
          0.767367
          0.769825
          0.769035
          0.955592
          0.956987
          0.955122
          0.952322
          0.949484
          0.952051
          0.964468
          0.962929
          0.963843
          0.962799
          0.964446
          0.963772
          0.759639
          0.758796
          0.759382
          0.760778
          0.765276
          0.765182
          0.764832
          0.764261
          0.762316
          0.762149
          0.762495
          0.761782
          0.762238
          0.762121
          0.763491
          0.762521
          0.762545
          0.762762
          0.761797
          0.761735
          0.762403
          0.762625
          0.761282
          0.760751
          0.759956
          0.761677
          0.759702
          0.761507
          0.763001
          0.763323
          0.767336
          0.76761
          0.766353
          0.766057
          0.763921
          0.764304
          0.764652
          0.764494
          0.763611
          0.764722
          0.76354
          0.763775
          0.765278
          0.765161
          0.764018
          0.763166
          0.763133
          0.763161
          0.763846
          0.763661
        </DataArray>
        <DataArray type="Float64" Name="u" format="ascii">
          0.224417
          0.19758
          0.138298
          0.231761
          0.130576
          0.164963
          0.166038
          0.16611
          0.167989
          0.167496
          0.166036
          0.165983
          0.165245
          0.210635
          0.137372
          0.167439
          0.154526
          0.144942
          0.174626
          0.193908
          0.198387
          0.190343
          0.201909
          0.21358
          0.208272
          0.210696
          0.206346
          0.210472
          0.210589
          0.212091
          0.210372
          0.210247
          0.201502
          0.139746
          0.139639
          0.136797
          0.142662
          0.140782
          0.23681
          0.20642
          0.160279
          0.161018
          0.139248
          0.136415
          0.132715
          0.117458
          0.170264
          0.151522
          0.180563
          0.171095
          0.138273
          -0.0156212
          0.0442515
          0.102103
          0.122402
          0.164791
          0.164463
          0.108985
          0.165769
          0.165947
          0.165217
          0.165322
          0.166062
          0.1661
          0.16606
          0.166094
          0.166399
          0.16591
          0.166108
          0.166166
          0.167627
          0.167703
          0.165912
          0.166006
          0.167139
          0.167349
          0.208242
          0.207965
          0.210262
          0.210037
          0.210235
          0.210879
          0.210683
          0.210242
          0.210745
          0.210519
          0.211526
          0.210709
          0.210742
          0.206136
          0.173861
          0.168279
          0.217016
          0.221344
          0.23361
          0.222835
          0.217753
          0.259993
          0.186825
          0.245878
          0.209786
          0.209021
          0.209432
          0.20882
          0.20801
          0.209173
          0.209743
          0.211191
          0.210276
          0.208198
          0.208277
          0.210681
          0.210986
          0.212647
          0.211146
          0.210208
          0.211667
          0.212074
          0.209551
          0.209167
          0.209681
          0.209282
          0.210244
          0.209333
          0.209824
          0.20951
          0.210342
          0.21048
          0.211693
          0.20529
          0.208097
          0.209412
          0.206359
          0.139197
          0.135449
          0.137287
          0.12699
          0.150536
          0.135681
          0.165149
          0.24202
          0.323152
          0.30967
          0.288716
          0.303832
          0.278869
          0.272821
          0.247548
          0.281286
          0.266047
          0.286399
          0.268461
          0.28014
          0.281997
          0.287731
          0.283323
          0.317527
          0.299473
          0.314657
          0.354981
          0.341075
          0.134226
          0.140751
          0.134844
          0.238633
          0.16498
          0.165105
          0.161737
          0.163664
          0.16251
          0.163386
          0.164206
          0.167751
          0.161637
          0.164945
          0.165152
          0.157336
          0.159638
          0.156554
          0.159
          0.163118
          0.164028
          0.164597
          0.158755
          0.146619
          0.155443
          0.150256
          0.154419
          0.190488
          0.17014
          0.140286
          0.141814
          0.175828
          0.198358
          0.173806
          0.146165
          0.150455
          0.165001
          0.123032
          0.14998
          0.118812
          0.0977059
          0.161771
          0.1643
          0.163798
          0.163317
          0.162915
          0.164366
          0.163384
          0.164082
          0.164601
          0.164911
          0.154629
          0.0474165
          0.0847699
          0.121439
          0.125319
          0.146951
          0.152301
          0.220598
          0.16329
          0.164576
          0.198246
          0.165766
          0.16582
          0.165681
          0.165698
          0.165475
          0.16554
          0.165642
          0.165892
          0.165794
          0.165736
          0.165849
          0.165838
          0.16603
          0.166027
          0.166044
          0.165938
          0.165973
          0.166045
          0.166583
          0.165129
          0.166024
          0.168466
          0.167219
          0.166982
          0.166469
          0.167705
          0.165954
          0.165708
          0.1657
          0.166512
          0.165399
          0.165568
          0.167095
          0.167866
          0.209385
          0.209875
          0.209292
          0.209023
          0.209545
          0.208367
          0.208549
          0.20931
          0.208636
          0.210758
          0.211067
          0.187389
          0.181272
          0.183654
          0.176824
          0.189677
          0.183908
          0.202934
          0.20392
          0.203826
          0.206823
          0.207249
          0.198732
          0.200225
          0.207026
          0.202974
          0.217746
          0.193458
          0.189471
          0.183006
          0.180442
          0.164688
          0.165156
          0.161571
          0.24741
          0.257226
          0.251147
          0.242538
          0.236226
          0.246356
          0.182272
          0.174907
          0.179876
          0.154046
          0.152817
          0.156074
          0.464568
          0.210121
          0.209965
          0.209551
          0.20725
          0.21106
          0.210943
          0.210699
          0.209638
          0.20996
          0.210295
          0.209174
          0.208633
          0.208915
          0.209166
          0.209071
          0.208227
          0.20908
          0.208362
          0.209888
          0.210683
          0.208867
          0.20932
          0.207676
          0.209807
          0.209745
          0.209177
          0.206776
          0.206386
          0.207063
          0.208651
          0.202331
          0.202735
          0.203751
          0.21289
          0.210995
          0.211462
          0.21184
          0.211525
          0.211481
          0.210382
          0.2108
          0.211663
          0.227867
          0.24363
          0.165421
          0.165337
          0.1655
          0.165434
          0.252132
          0.327821
          0.229876
          0.22388
          0.221024
          0.246682
          0.292792
          0.28636
          0.295197
          0.303195
          0.301892
          0.291903
          0.303688
          0.308327
          0.296492
          0.325756
          0.33518
          0.193041
          0.198561
          0.163673
          0.336841
          0.390376
          0.281503
          0.32956
          0.353417
          0.339758
          0.272863
          0.297319
          0.415072
          0.345342
          0.200687
          0.194721
          0.184735
          0.145298
          0.15802
          0.170745
          0.166127
          0.203466
          0.210234
          0.164663
          0.16438
          0.163854
          0.170523
          0.160778
          0.162836
          0.162154
          0.162999
          0.141494
          0.153076
          0.154095
          0.157837
          0.148402
          0.15153
          0.161986
          0.166591
          0.205277
          0.169084
          0.165364
          0.162501
          0.159195
          0.157769
          0.160404
          0.161736
          0.159102
          0.160986
          0.163702
          0.164228
          0.154954
          0.201802
          0.197457
          0.203591
          0.212348
          0.209024
          0.189077
          0.27024
          0.262123
          0.166119
          0.166159
          0.166205
          0.166163
          0.166297
          0.166231
          0.167006
          0.167215
          0.167309
          0.166764
          0.165567
          0.165678
          0.165956
          0.165328
          0.165289
          0.165097
          0.165417
          0.165554
          0.16499
          0.164666
          0.165122
          0.165387
          0.165383
          0.166172
          0.165966
          0.166891
          0.166756
          0.165856
          0.166065
          0.165962
          0.165735
          0.16574
          0.165682
          0.165637
          0.1656
          0.165665
          0.165545
          0.165593
          0.166889
          0.167196
          0.166814
          0.16668
          0.166475
          0.166704
          0.16625
          0.165892
          0.16407
          0.16533
          0.164807
          0.164568
          0.165039
          0.164913
          0.166695
          0.167109
          0.208851
          0.209893
          0.209143
          0.208972
          0.20843
          0.207934
          0.208434
          0.207974
          0.209686
          0.209212
          0.209156
          0.209162
          0.210911
          0.210756
          0.210413
          0.210119
          0.209738
          0.209924
          0.211368
          0.211564
          0.211193
          0.211251
          0.204349
          0.203932
          0.203145
          0.202819
          0.201789
          0.20219
          0.200625
          0.201038
          0.207643
          0.213815
          0.209168
          0.210615
          0.202754
          0.205643
          0.208256
          0.204561
          0.195613
          0.182751
          0.195393
          0.193557
          0.180905
          0.18017
          0.216019
          0.21956
          0.232699
          0.222244
          0.270978
          0.256736
          0.253994
          0.256907
          0.25964
          0.26093
          0.266283
          0.266305
          0.447604
          0.395469
          0.399077
          0.209479
          0.208985
          0.209713
          0.208711
          0.208535
          0.209324
          0.207825
          0.208513
          0.203455
          0.203135
          0.204021
          0.208984
          0.208464
          0.208174
          0.209513
          0.208425
          0.20899
          0.209098
          0.208594
          0.209393
          0.209359
          0.209074
          0.20097
          0.201402
          0.211779
          0.209945
          0.213505
          0.210011
          0.210712
          0.210715
          0.210912
          0.210688
          0.211409
          0.217952
          0.2155
          0.214121
          0.209324
          0.208738
          0.209654
          0.20017
          0.164667
          0.198485
          0.272108
          0.24285
          0.256544
          0.217034
          0.228266
          0.282121
          0.288165
          0.265616
          0.272056
          0.336642
          0.26872
          0.289752
          0.286055
          0.258145
          0.322269
          0.310306
          0.439819
          0.452285
          0.409752
          0.412719
          0.401177
          0.453537
          0.477871
          0.296098
          0.248378
          0.262049
          0.299296
          0.261346
          0.311663
          0.232754
          0.240287
          0.232879
          0.268625
          0.307723
          0.365005
          0.361323
          0.356589
          0.295201
          0.312611
          0.199897
          0.198318
          0.166201
          0.156021
          0.162661
          0.208296
          0.190968
          0.184884
          0.147095
          0.147903
          0.168756
          0.141001
          0.162715
          0.164438
          0.170642
          0.173734
          0.22823
          0.235826
          0.205017
          0.228198
          0.203654
          0.208764
          0.125093
          0.148533
          0.133367
          0.142702
          0.155104
          0.157007
          0.16052
          0.158555
          0.151493
          0.15785
          0.185005
          0.167049
          0.192506
          0.227917
          0.238853
          0.217506
          0.168945
          0.167037
          0.163912
          0.183719
          0.230107
          0.217601
          0.207784
          0.245779
          0.166395
          0.166234
          0.166325
          0.166435
          0.1663
          0.166216
          0.166689
          0.16654
          0.166375
          0.16655
          0.166698
          0.16695
          0.165771
          0.165934
          0.165785
          0.165697
          0.165617
          0.165699
          0.16553
          0.165613
          0.165549
          0.165408
          0.167714
          0.168742
          0.168777
          0.173686
          0.171621
          0.170822
          0.176267
          0.174426
          0.169013
          0.169256
          0.168191
          0.169518
          0.163949
          0.165145
          0.163645
          0.164763
          0.168067
          0.168192
          0.168833
          0.169614
          0.173424
          0.171716
          0.165772
          0.165773
          0.165826
          0.166016
          0.166272
          0.166188
          0.166393
          0.166104
          0.165844
          0.16642
          0.166429
          0.165779
          0.165643
          0.166693
          0.164422
          0.164198
          0.16552
          0.163381
          0.165391
          0.165733
          0.208605
          0.208827
          0.208644
          0.208269
          0.208133
          0.208534
          0.211937
          0.211321
          0.211641
          0.211718
          0.211206
          0.211044
          0.206497
          0.210292
          0.203954
          0.22018
          0.202408
          0.2039
          0.203703
          0.201122
          0.20693
          0.203009
          0.211165
          0.213256
          0.211705
          0.207803
          0.205079
          0.204758
          0.205586
          0.206224
          0.208931
          0.206734
          0.194714
          0.195069
          0.201335
          0.202582
          0.197462
          0.202592
          0.223892
          0.21996
          0.227689
          0.224815
          0.225368
          0.230971
          0.23543
          0.237658
          0.236214
          0.240364
          0.241228
          0.244504
          0.314406
          0.300512
          0.313423
          0.320823
          0.300106
          0.295021
          0.264192
          0.275671
          0.28052
          0.293239
          0.287678
          0.279904
          0.288408
          0.262088
          0.269633
          0.270937
          0.263046
          0.278491
          0.281688
          0.42177
          0.34851
          0.20813
          0.207797
          0.225901
          0.215654
          0.21916
          0.215882
          0.216844
          0.21236
          0.216377
          0.215775
          0.21171
          0.211986
          0.212063
          0.211987
          0.211529
          0.211761
          0.209065
          0.147739
          0.150296
          0.192244
          0.175881
          0.146507
          0.17645
          0.229625
          0.215456
          0.184489
          0.186514
          0.213777
          0.16623
          0.318065
          0.328195
          0.307778
          0.297639
          0.328917
          0.327485
          0.340536
          0.338514
          0.359742
          0.356253
          0.390349
          0.372521
          0.316959
          0.346129
          0.311484
          0.458628
          0.493749
          0.471429
          0.342973
          0.357364
          0.375696
          0.41677
          0.27498
          0.310172
          0.267051
          0.265386
          0.31649
          0.306069
          0.258764
          0.294409
          0.257543
          0.280935
          0.211308
          0.218916
          0.19561
          0.230406
          0.220385
          0.216352
          0.267364
          0.255564
          0.283201
          0.239255
          0.1867
          0.174984
          0.179314
          0.182151
          0.17823
          0.180408
          0.179833
          0.19619
          0.182383
          0.189014
          0.174534
          0.185379
          0.152596
          0.127448
          0.150596
          0.154445
          0.14258
          0.138257
          0.187428
          0.177697
          0.175028
          0.170474
          0.171378
          0.166468
          0.167629
          0.166106
          0.167376
          0.166411
          0.168438
          0.201175
          0.189567
          0.189269
          0.194927
          0.202046
          0.195413
          0.201042
          0.19275
          0.199684
          0.255066
          0.256216
          0.242417
          0.166086
          0.166196
          0.1661
          0.165897
          0.165933
          0.165903
          0.180991
          0.180985
          0.175327
          0.177985
          0.178036
          0.175465
          0.173532
          0.171886
          0.170648
          0.172448
          0.171267
          0.170009
          0.161117
          0.162393
          0.164477
          0.164273
          0.164833
          0.162832
          0.16891
          0.172045
          0.170885
          0.168906
          0.168736
          0.16811
          0.169459
          0.170535
          0.169593
          0.165845
          0.166236
          0.165755
          0.165754
          0.165861
          0.165865
          0.212989
          0.219091
          0.211084
          0.217423
          0.216996
          0.212457
          0.232938
          0.22463
          0.2283
          0.235425
          0.226778
          0.231705
          0.248404
          0.255277
          0.25334
          0.242499
          0.244957
          0.249701
          0.186828
          0.211645
          0.203675
          0.196447
          0.19837
          0.373473
          0.400624
          0.372429
          0.359203
          0.356259
          0.335547
          0.20313
          0.203881
          0.206162
          0.202033
          0.204494
          0.20505
          0.207312
          0.203038
          0.207448
          0.203355
          0.207449
          0.203723
          0.210669
          0.214848
          0.24949
          0.245185
          0.235647
          0.241079
          0.22898
          0.232384
          0.217481
          0.212133
          0.213644
          0.21416
          0.409372
          0.418746
          0.449661
          0.365758
          0.375481
          0.374592
          0.361358
          0.392604
          0.409751
          0.401011
          0.375628
          0.206074
          0.186651
          0.198826
          0.213211
          0.224566
          0.20679
          0.231605
          0.247154
          0.274243
          0.24251
          0.252075
          0.260767
          0.182517
          0.187464
          0.181768
          0.178658
          0.232847
          0.220881
          0.209465
          0.240698
          0.167059
          0.168196
          0.168436
          0.170255
          0.166032
          0.166254
          0.166385
          0.16619
          0.166124
          0.166106
          0.165904
          0.165699
          0.165603
          0.165868
          0.165896
          0.165713
          0.238097
          0.215129
          0.24111
          0.241327
          0.210056
          0.21
          0.21386
          0.210402
          0.210347
          0.211225
          0.212898
          0.212379
          0.215418
          0.21168
          0.219367
          0.210172
          0.207214
          0.230154
          0.227662
          0.217084
          0.174116
          0.179316
          0.176059
          0.175029
          0.171139
          0.173365
          0.211646
          0.212729
          0.213554
          0.214639
          0.218967
          0.212867
          0.21039
          0.21301
          0.213322
          0.211594
          0.212629
          0.213903
          0.215191
          0.213175
          0.215588
          0.211678
          0.214761
          0.214184
          0.215894
          0.217605
          0.217784
          0.217053
          0.215792
          0.216726
          0.215275
          0.216294
          0.216639
          0.218567
          0.218879
          0.219647
          0.216382
          0.218694
          0.216698
          0.219542
          0.21079
          0.210238
          0.210236
          0.210248
          0.218599
          0.216556
          0.216091
          0.219192
          0.219376
          0.216808
          0.212719
          0.212114
          0.210703
          0.212526
          0.21074
          0.210524
        </DataArray>
        <DataArray type="Float64" Name="v" format="ascii">
          -0.620376
          0.274084
          -0.0264923
          0.149178
          0.0642216
          0.197537
          0.197775
          0.19785
          0.196258
          0.197146
          0.197674
          0.197765
          0.196933
          -0.614047
          -0.559738
          -0.593472
          -0.576102
          -0.523304
          -0.601905
          -0.621786
          -0.620181
          -0.617068
          -0.620244
          -0.641433
          -0.620775
          -0.620789
          0.262768
          -0.611699
          -0.619464
          -0.622689
          -0.61782
          -0.611815
          -0.607796
          0.0206541
          0.0188126
          -0.00723216
          0.000550966
          -0.0230514
          0.267808
          -0.578289
          0.196814
          0.189275
          0.195446
          0.179208
          0.180668
          0.196053
          0.069741
          0.107268
          0.11049
          0.0309439
          0.0315307
          0.0428904
          0.212763
          0.155276
          0.0608701
          0.197946
          0.199379
          0.20022
          0.197749
          0.197912
          0.19781
          0.197559
          0.197905
          0.197859
          0.197905
          0.197965
          0.198901
          0.198874
          0.197737
          0.197758
          0.198667
          0.197285
          0.1976
          0.197659
          0.196073
          0.196076
          -0.611387
          -0.61066
          -0.61397
          -0.614269
          -0.614228
          -0.613905
          -0.611896
          -0.610796
          -0.611318
          -0.611606
          -0.613048
          -0.61152
          -0.611506
          -0.641749
          -0.555068
          -0.564332
          -0.642159
          -0.639169
          -0.617131
          -0.622397
          -0.618836
          -0.598212
          0.278718
          0.260081
          -0.610533
          -0.612062
          -0.611955
          -0.612039
          -0.610753
          -0.608803
          -0.614328
          -0.613419
          -0.61169
          -0.610541
          -0.610818
          -0.621082
          -0.622417
          -0.623751
          -0.615499
          -0.615623
          -0.619596
          -0.62124
          -0.617494
          -0.613217
          -0.61207
          -0.611483
          -0.611836
          -0.611797
          -0.610973
          -0.611418
          -0.613025
          -0.612912
          -0.614227
          -0.609433
          -0.607829
          -0.606832
          -0.601109
          -0.0388966
          -0.0483191
          -0.0676915
          -0.0914644
          -0.0928411
          -0.124533
          0.197479
          0.156851
          0.0820995
          0.221305
          0.206436
          0.228135
          0.247433
          0.250206
          -0.393716
          -0.411627
          -0.412142
          -0.498019
          -0.434324
          -0.456431
          -0.470547
          -0.549886
          -0.529362
          -0.530344
          -0.263877
          -0.252983
          -0.111083
          0.0468441
          0.00706675
          -0.00669671
          -0.0193555
          -0.031573
          0.197096
          0.197051
          0.195408
          0.196104
          0.197071
          0.196235
          0.186634
          0.191169
          0.189442
          0.190891
          0.18958
          0.189402
          0.193724
          0.196471
          0.19409
          0.179789
          0.175837
          0.184435
          0.184205
          0.18814
          0.191322
          0.196009
          0.191923
          0.135839
          0.133008
          0.0540311
          0.045656
          0.0242738
          0.0610939
          0.0788583
          0.0518755
          0.0736878
          0.0679438
          0.153442
          0.113798
          0.154229
          0.111473
          0.197338
          0.198286
          0.199195
          0.198754
          0.198556
          0.197489
          0.19742
          0.198167
          0.198574
          0.198018
          0.197209
          0.228105
          0.250442
          0.258996
          0.26855
          0.197249
          0.202924
          0.168886
          0.215073
          0.220761
          0.257232
          0.19765
          0.197658
          0.197563
          0.197688
          0.197723
          0.197562
          0.197669
          0.197822
          0.197764
          0.197877
          0.197876
          0.197899
          0.197935
          0.197953
          0.19801
          0.197997
          0.197924
          0.198045
          0.197619
          0.200166
          0.199274
          0.196701
          0.198738
          0.198948
          0.198959
          0.19967
          0.197549
          0.197455
          0.197552
          0.197568
          0.196521
          0.196929
          0.192923
          0.194996
          -0.613518
          -0.614336
          -0.613442
          -0.611771
          -0.613435
          -0.612004
          -0.611869
          -0.613381
          -0.612216
          -0.613105
          -0.613818
          -0.619398
          -0.609011
          -0.614806
          -0.604982
          -0.61892
          -0.612657
          -0.63855
          -0.615086
          -0.612753
          -0.631191
          -0.637853
          -0.637077
          -0.638964
          -0.647216
          -0.608926
          -0.633541
          -0.586397
          -0.588455
          -0.596003
          -0.598465
          -0.574697
          -0.58744
          -0.580935
          -0.618051
          -0.610282
          -0.60363
          -0.623846
          -0.613381
          -0.607892
          0.273932
          0.257085
          0.258038
          0.256103
          0.268673
          0.276263
          0.0210576
          -0.610867
          -0.610758
          -0.610813
          -0.601591
          -0.613346
          -0.613511
          -0.61306
          -0.613345
          -0.614025
          -0.613599
          -0.610587
          -0.610703
          -0.6109
          -0.610762
          -0.613058
          -0.61112
          -0.612771
          -0.61083
          -0.619639
          -0.619243
          -0.61397
          -0.617225
          -0.617774
          -0.620549
          -0.619154
          -0.618501
          -0.608239
          -0.601131
          -0.602672
          -0.607594
          -0.605074
          -0.603486
          -0.602192
          -0.602645
          -0.595103
          -0.61361
          -0.613918
          -0.612966
          -0.613364
          -0.608929
          -0.611746
          -0.613473
          -0.0572721
          -0.158017
          0.19728
          0.197304
          0.197217
          0.197524
          0.162771
          0.200663
          -0.302354
          -0.320128
          -0.349297
          -0.365948
          -0.521053
          -0.53023
          -0.537063
          -0.521791
          -0.505698
          -0.507141
          -0.429724
          -0.481533
          -0.462798
          -0.432407
          -0.530005
          -0.303438
          -0.276972
          -0.252999
          -0.391575
          -0.19791
          -0.19409
          -0.204205
          -0.137702
          -0.186228
          -0.0586307
          0.04014
          -0.0320674
          0.0315296
          0.0714561
          0.0673972
          0.0832711
          -0.0740722
          -0.0491158
          0.00722744
          0.0187157
          0.00362037
          0.0193211
          0.197392
          0.196762
          0.197259
          0.180498
          0.192591
          0.194529
          0.195187
          0.192513
          0.174116
          0.173973
          0.175408
          0.1838
          0.187179
          0.183977
          0.168997
          0.0427308
          0.0631081
          0.051497
          0.0621632
          0.20025
          0.201106
          0.200533
          0.202067
          0.199589
          0.197257
          0.199255
          0.208413
          0.211422
          0.219459
          0.158642
          0.172744
          0.177879
          0.162169
          0.18106
          0.237719
          0.229962
          0.237275
          0.197953
          0.197947
          0.198017
          0.198048
          0.198207
          0.198496
          0.197491
          0.197991
          0.197903
          0.197867
          0.198612
          0.198336
          0.198659
          0.198269
          0.197855
          0.198199
          0.198284
          0.198771
          0.198687
          0.199363
          0.198691
          0.199202
          0.199489
          0.200277
          0.199597
          0.199696
          0.199636
          0.19751
          0.197544
          0.197522
          0.197513
          0.197514
          0.197471
          0.197375
          0.197542
          0.197479
          0.19742
          0.197407
          0.197406
          0.196858
          0.196745
          0.196735
          0.197156
          0.197226
          0.196656
          0.196548
          0.195728
          0.196461
          0.196472
          0.196685
          0.195777
          0.195704
          0.194795
          0.1937
          -0.611808
          -0.614464
          -0.61436
          -0.613321
          -0.611731
          -0.610897
          -0.611927
          -0.610969
          -0.61416
          -0.613605
          -0.613458
          -0.613486
          -0.614696
          -0.61449
          -0.614499
          -0.613358
          -0.613507
          -0.613361
          -0.614609
          -0.614451
          -0.614601
          -0.61441
          -0.622687
          -0.628849
          -0.63274
          -0.620084
          -0.613718
          -0.609664
          -0.604707
          -0.6063
          -0.608335
          -0.615052
          -0.605742
          -0.616231
          -0.60808
          -0.606705
          -0.613498
          -0.616289
          -0.632925
          -0.613728
          -0.629754
          -0.624666
          -0.605495
          -0.60771
          -0.617656
          -0.615126
          -0.640068
          -0.617626
          -0.56716
          -0.540589
          -0.633439
          -0.62196
          -0.641219
          -0.643466
          -0.636445
          -0.632374
          0.0321513
          0.0408204
          0.0125807
          -0.612037
          -0.610491
          -0.611723
          -0.610601
          -0.610641
          -0.612187
          -0.618213
          -0.619036
          -0.609635
          -0.610307
          -0.610705
          -0.61918
          -0.61308
          -0.611958
          -0.615998
          -0.612248
          -0.615592
          -0.614357
          -0.613823
          -0.615049
          -0.615558
          -0.616587
          -0.603992
          -0.602413
          -0.600914
          -0.604687
          -0.577047
          -0.610724
          -0.612325
          -0.612086
          -0.611177
          -0.610815
          -0.612356
          -0.613609
          -0.609378
          -0.610126
          -0.606596
          -0.602922
          -0.60322
          -0.152386
          -0.129044
          -0.248108
          -0.206647
          -0.259338
          -0.251196
          -0.202578
          -0.197902
          0.148107
          0.197408
          0.174635
          0.182146
          -0.507087
          -0.31553
          -0.373112
          -0.30964
          -0.357172
          -0.326245
          -0.37104
          -0.253462
          -0.273333
          -0.0776745
          -0.115479
          -0.172002
          -0.184818
          -0.0643584
          -0.151071
          -0.144966
          -0.108357
          -0.131805
          -0.0900437
          -0.0928554
          0.0218076
          0.00425345
          -0.0145234
          0.0239786
          -0.0679352
          -0.0686379
          -0.00475046
          -0.0355453
          0.116465
          0.0845917
          -0.0412803
          -0.030866
          -0.0195668
          -0.0400064
          -0.00931371
          -0.00946934
          0.184556
          0.190804
          0.160313
          0.153873
          0.138011
          0.136162
          0.153104
          0.16121
          0.177772
          0.170154
          0.0508948
          0.0338981
          0.0324783
          0.0580227
          0.0561237
          0.0437704
          0.217211
          0.209409
          0.197589
          0.207545
          0.203932
          0.205248
          0.206063
          0.210595
          0.210948
          0.212311
          0.204112
          0.204541
          0.207699
          0.17331
          0.184127
          0.190133
          0.240067
          0.236663
          0.225527
          0.240187
          0.25937
          0.269374
          0.250378
          0.254626
          0.197882
          0.197848
          0.197702
          0.197851
          0.198005
          0.197867
          0.198377
          0.198124
          0.198146
          0.198492
          0.197919
          0.198336
          0.198074
          0.198047
          0.198024
          0.198253
          0.197838
          0.197869
          0.197751
          0.198041
          0.198017
          0.197971
          0.189905
          0.18512
          0.187074
          0.185914
          0.190291
          0.19041
          0.192585
          0.191031
          0.193242
          0.195267
          0.194974
          0.193174
          0.200468
          0.200671
          0.20055
          0.201731
          0.198087
          0.197941
          0.196928
          0.197958
          0.200974
          0.198311
          0.197487
          0.197469
          0.197498
          0.197397
          0.19767
          0.197587
          0.197451
          0.197556
          0.195817
          0.196222
          0.195947
          0.19615
          0.195148
          0.19526
          0.194572
          0.194485
          0.192709
          0.192621
          0.193524
          0.194631
          -0.611537
          -0.611698
          -0.611899
          -0.611395
          -0.611195
          -0.611743
          -0.614471
          -0.613162
          -0.614324
          -0.614666
          -0.612832
          -0.613013
          -0.64192
          -0.643386
          -0.64183
          -0.658104
          -0.608992
          -0.620551
          -0.615475
          -0.607693
          -0.621823
          -0.610892
          -0.639517
          -0.634042
          -0.628037
          -0.627547
          -0.611608
          -0.609638
          -0.610193
          -0.613858
          -0.613745
          -0.608486
          -0.621023
          -0.615576
          -0.628992
          -0.623699
          -0.612909
          -0.62004
          -0.652286
          -0.639509
          -0.64333
          -0.637792
          -0.638254
          -0.633658
          -0.630411
          -0.658791
          -0.644578
          -0.655676
          -0.545756
          -0.578961
          -0.567561
          -0.564284
          -0.548445
          -0.548596
          -0.581964
          -0.581735
          -0.598284
          -0.624548
          -0.610039
          -0.599587
          -0.573558
          -0.587151
          -0.589828
          -0.61654
          -0.622819
          -0.588281
          -0.600234
          -0.613534
          -0.59552
          0.105986
          0.18009
          -0.613974
          -0.614849
          -0.613388
          -0.582227
          -0.609816
          -0.600872
          -0.607065
          -0.586095
          -0.590366
          -0.598295
          -0.613988
          -0.614646
          -0.614443
          -0.614471
          -0.613201
          -0.613477
          -0.601829
          -0.184674
          -0.150004
          -0.15672
          -0.195048
          -0.205582
          -0.213071
          -0.0717783
          -0.104414
          -0.076539
          -0.0692263
          -0.118027
          -0.113396
          0.126
          0.186686
          0.168879
          0.159076
          -0.509206
          -0.487208
          -0.508848
          -0.455578
          -0.457197
          -0.484347
          -0.427712
          -0.464788
          -0.545953
          -0.533263
          -0.566883
          -0.199118
          -0.0842912
          -0.143257
          -0.319623
          -0.268628
          -0.254177
          -0.274191
          -0.0136978
          0.012145
          -0.037336
          0.00904764
          -0.0367209
          -0.00871343
          0.0456698
          0.050126
          0.053927
          0.077351
          0.140276
          0.144523
          0.136601
          0.122974
          0.0738013
          0.0747388
          0.140449
          0.13318
          0.112619
          0.12738
          0.180983
          0.185821
          0.186972
          0.18934
          0.179005
          0.179244
          0.154973
          0.155868
          0.153158
          0.170209
          0.167141
          0.169011
          0.248511
          0.244137
          0.234674
          0.223772
          0.221454
          0.220918
          0.225657
          0.226214
          0.226193
          0.215629
          0.21687
          0.201903
          0.200853
          0.20076
          0.200814
          0.202612
          0.202684
          0.19381
          0.197669
          0.195967
          0.186755
          0.196411
          0.205875
          0.236232
          0.221018
          0.219239
          0.21161
          0.205041
          0.189571
          0.198165
          0.198448
          0.198206
          0.198428
          0.198284
          0.198149
          0.197132
          0.198209
          0.198353
          0.202395
          0.193529
          0.197689
          0.195261
          0.197907
          0.196311
          0.194666
          0.193642
          0.195942
          0.205388
          0.202559
          0.205907
          0.204277
          0.202631
          0.202306
          0.202641
          0.201342
          0.20253
          0.200799
          0.19917
          0.199293
          0.198202
          0.199915
          0.200127
          0.196765
          0.196812
          0.197411
          0.197378
          0.197424
          0.197375
          -0.653944
          -0.652669
          -0.649444
          -0.654968
          -0.646761
          -0.646059
          -0.658344
          -0.65802
          -0.659927
          -0.659206
          -0.657264
          -0.65554
          -0.653604
          -0.650739
          -0.647122
          -0.655071
          -0.657458
          -0.651522
          -0.4904
          -0.575044
          -0.566418
          -0.539114
          -0.529036
          0.156751
          0.107767
          0.0856604
          0.0930609
          0.147317
          0.133394
          -0.601199
          -0.602037
          -0.607102
          -0.602489
          -0.607274
          -0.608121
          -0.616762
          -0.609456
          -0.616258
          -0.607991
          -0.615234
          -0.608604
          -0.612032
          -0.614979
          -0.634025
          -0.64197
          -0.609653
          -0.639325
          -0.615369
          -0.608958
          -0.601752
          -0.598733
          -0.589808
          -0.593368
          -0.388351
          -0.334564
          -0.295829
          -0.493098
          -0.488265
          -0.417007
          -0.390583
          -0.406844
          -0.359944
          -0.332808
          -0.341265
          0.115633
          0.111801
          0.088065
          0.118409
          0.0966593
          0.092333
          0.0985087
          0.0751374
          0.0801948
          0.077574
          0.103596
          0.105812
          0.205205
          0.213608
          0.21455
          0.216803
          0.234708
          0.247171
          0.228009
          0.229735
          0.205536
          0.208807
          0.210075
          0.205621
          0.197351
          0.197406
          0.197139
          0.197384
          0.197088
          0.197171
          0.196996
          0.197217
          0.196977
          0.19714
          0.197273
          0.197257
          -0.600539
          -0.566313
          -0.598724
          -0.585579
          -0.543705
          -0.559356
          -0.623628
          -0.609598
          -0.610055
          -0.611523
          -0.607535
          -0.605452
          -0.610312
          -0.606506
          0.193961
          0.207178
          0.2101
          0.20726
          0.21171
          0.224886
          0.205116
          0.2088
          0.203031
          0.209261
          0.205342
          0.210141
          -0.619178
          -0.617986
          -0.617246
          -0.624186
          -0.614028
          -0.607956
          -0.604476
          -0.609108
          -0.621069
          -0.616669
          -0.616236
          -0.622537
          -0.621966
          -0.617292
          -0.616115
          -0.611562
          -0.617301
          -0.61649
          -0.623064
          -0.622119
          -0.622551
          -0.622026
          -0.623552
          -0.623355
          -0.613425
          -0.607268
          -0.609751
          -0.620897
          -0.619022
          -0.616472
          -0.613414
          -0.615796
          -0.613655
          -0.617734
          -0.609532
          -0.609052
          -0.607358
          -0.605926
          -0.621037
          -0.61509
          -0.616569
          -0.620792
          -0.618911
          -0.615146
          -0.6095
          -0.610753
          -0.608649
          -0.610574
          -0.606738
          -0.607988
        </DataArray>
        <DataArray type="Float64" Name="p" format="ascii">
          0.470224
          0.652001
          0.700485
          0.675909
          0.701619
          0.681682
          0.681481
          0.681474
          0.681369
          0.681353
          0.681506
          0.681502
          0.681759
          0.499744
          0.51137
          0.493386
          0.500517
          0.518339
          0.488736
          0.482007
          0.477892
          0.476291
          0.477571
          0.480114
          0.472383
          0.473929
          0.645441
          0.500445
          0.498633
          0.497715
          0.499105
          0.506082
          0.502059
          0.700579
          0.702276
          0.701568
          0.703675
          0.703364
          0.645821
          0.515381
          0.682824
          0.684029
          0.68707
          0.690238
          0.689643
          0.690852
          0.697813
          0.695429
          0.691952
          0.696129
          0.699102
          0.71584
          0.698319
          0.696694
          0.705405
          0.681705
          0.681511
          0.68724
          0.681554
          0.681498
          0.681644
          0.68163
          0.681467
          0.681466
          0.681468
          0.681463
          0.681265
          0.681309
          0.681488
          0.681472
          0.6811
          0.681237
          0.681531
          0.681525
          0.681578
          0.681539
          0.500156
          0.500046
          0.499943
          0.499898
          0.49986
          0.499887
          0.500277
          0.500052
          0.500113
          0.499953
          0.500021
          0.499988
          0.499975
          0.494967
          0.514375
          0.513988
          0.479592
          0.476434
          0.465747
          0.467979
          0.469129
          0.463277
          0.654116
          0.637922
          0.500348
          0.500032
          0.5001
          0.500149
          0.500075
          0.501445
          0.500882
          0.500736
          0.500637
          0.500229
          0.500175
          0.498485
          0.497913
          0.49707
          0.498686
          0.498595
          0.498537
          0.497985
          0.499343
          0.501487
          0.49871
          0.499067
          0.49888
          0.499008
          0.498946
          0.499114
          0.49926
          0.499343
          0.49962
          0.504299
          0.505384
          0.504483
          0.503941
          0.70253
          0.699184
          0.702711
          0.701416
          0.696639
          0.699433
          0.681729
          0.672694
          0.65713
          0.629186
          0.648035
          0.636851
          0.63404
          0.640531
          0.618451
          0.596799
          0.602447
          0.563358
          0.599515
          0.579769
          0.580596
          0.529907
          0.54781
          0.534789
          0.636743
          0.630101
          0.637017
          0.659027
          0.698865
          0.700053
          0.698853
          0.686307
          0.681803
          0.681818
          0.682659
          0.682282
          0.682336
          0.682231
          0.68344
          0.682351
          0.683432
          0.6827
          0.683158
          0.684098
          0.68351
          0.683616
          0.683355
          0.684592
          0.685738
          0.684172
          0.684629
          0.686381
          0.684752
          0.684912
          0.684493
          0.68681
          0.689818
          0.697735
          0.70108
          0.709625
          0.69113
          0.68284
          0.697176
          0.694115
          0.693028
          0.693179
          0.696545
          0.696359
          0.699992
          0.682114
          0.681703
          0.681684
          0.681787
          0.681954
          0.681766
          0.6819
          0.681802
          0.681637
          0.681646
          0.682998
          0.681849
          0.681734
          0.673904
          0.666887
          0.683875
          0.683132
          0.67576
          0.678691
          0.678071
          0.664571
          0.681577
          0.681557
          0.681585
          0.681572
          0.681607
          0.6816
          0.681586
          0.681528
          0.681534
          0.681529
          0.681508
          0.681507
          0.681478
          0.681466
          0.681457
          0.681472
          0.681478
          0.68144
          0.681408
          0.681231
          0.681271
          0.681262
          0.681066
          0.681163
          0.681179
          0.680936
          0.681551
          0.681597
          0.681596
          0.681451
          0.681795
          0.681746
          0.682054
          0.681628
          0.499736
          0.499806
          0.499792
          0.499258
          0.499595
          0.49993
          0.500029
          0.500039
          0.500012
          0.499926
          0.499864
          0.48728
          0.483409
          0.490576
          0.488926
          0.484044
          0.482702
          0.497295
          0.502769
          0.504486
          0.497299
          0.495435
          0.491464
          0.488775
          0.492657
          0.498794
          0.492496
          0.510822
          0.511972
          0.506612
          0.505407
          0.506416
          0.498358
          0.503598
          0.476238
          0.47147
          0.468904
          0.472203
          0.469499
          0.464352
          0.658622
          0.669141
          0.664638
          0.670466
          0.665196
          0.660457
          0.583037
          0.50002
          0.500157
          0.500062
          0.503165
          0.501046
          0.500961
          0.501367
          0.501196
          0.501104
          0.50092
          0.500329
          0.500259
          0.50012
          0.500256
          0.500516
          0.500351
          0.500727
          0.500348
          0.496545
          0.495822
          0.500465
          0.500046
          0.498656
          0.498874
          0.499309
          0.499787
          0.501538
          0.502793
          0.502124
          0.501944
          0.502324
          0.503491
          0.503234
          0.51028
          0.510654
          0.500565
          0.500588
          0.50035
          0.500059
          0.501213
          0.500836
          0.500883
          0.682873
          0.672292
          0.681712
          0.681703
          0.681676
          0.681658
          0.668522
          0.634325
          0.642888
          0.646527
          0.637151
          0.625438
          0.552667
          0.544846
          0.53986
          0.540509
          0.553196
          0.557451
          0.582013
          0.558426
          0.573398
          0.575962
          0.511756
          0.654094
          0.665312
          0.674286
          0.585058
          0.618536
          0.651785
          0.640593
          0.644222
          0.632834
          0.676818
          0.667048
          0.629849
          0.650052
          0.69081
          0.69272
          0.69341
          0.695854
          0.697296
          0.696888
          0.69519
          0.690862
          0.692669
          0.681845
          0.681966
          0.682033
          0.683682
          0.683105
          0.682498
          0.682749
          0.683062
          0.68845
          0.688091
          0.686543
          0.685591
          0.686795
          0.685728
          0.686268
          0.694193
          0.690987
          0.694517
          0.692467
          0.681747
          0.682061
          0.682561
          0.681824
          0.681906
          0.682454
          0.682191
          0.679941
          0.679662
          0.679489
          0.681019
          0.679498
          0.677872
          0.678113
          0.675443
          0.667836
          0.651981
          0.647618
          0.681448
          0.68145
          0.681412
          0.681433
          0.681384
          0.681313
          0.681341
          0.681205
          0.681268
          0.681361
          0.681428
          0.681469
          0.681374
          0.681538
          0.681608
          0.681603
          0.68152
          0.681424
          0.681531
          0.681476
          0.681506
          0.681356
          0.681345
          0.681096
          0.681164
          0.680955
          0.681096
          0.681561
          0.681531
          0.681553
          0.681594
          0.681593
          0.681611
          0.681627
          0.681617
          0.68161
          0.681644
          0.681648
          0.681412
          0.681421
          0.681525
          0.681552
          0.681521
          0.681456
          0.681634
          0.68175
          0.682125
          0.681881
          0.681897
          0.681994
          0.681962
          0.682103
          0.681838
          0.68202
          0.499
          0.499012
          0.499087
          0.499427
          0.499866
          0.499873
          0.499723
          0.49975
          0.499978
          0.499903
          0.500009
          0.499993
          0.499557
          0.499698
          0.499692
          0.499393
          0.499543
          0.499391
          0.499523
          0.499639
          0.499627
          0.499764
          0.500296
          0.499005
          0.499042
          0.502204
          0.499845
          0.500691
          0.500123
          0.49896
          0.494375
          0.493549
          0.493564
          0.492691
          0.509433
          0.508109
          0.507192
          0.505262
          0.494472
          0.493535
          0.496719
          0.500436
          0.500241
          0.497908
          0.491957
          0.493792
          0.49161
          0.492293
          0.53351
          0.544972
          0.496053
          0.504466
          0.493529
          0.480222
          0.49161
          0.488096
          0.599203
          0.638407
          0.623816
          0.500769
          0.500473
          0.500632
          0.500393
          0.500486
          0.500659
          0.498142
          0.497542
          0.497135
          0.497788
          0.496356
          0.49688
          0.499603
          0.500046
          0.499688
          0.499834
          0.499986
          0.500183
          0.501043
          0.500963
          0.500591
          0.500513
          0.500517
          0.501674
          0.493738
          0.494327
          0.502229
          0.499128
          0.499271
          0.499446
          0.499484
          0.499748
          0.500389
          0.504079
          0.507207
          0.506884
          0.50123
          0.501749
          0.501974
          0.678909
          0.691047
          0.662911
          0.656866
          0.652363
          0.648622
          0.669233
          0.665923
          0.663186
          0.653571
          0.664209
          0.659365
          0.499937
          0.631135
          0.607137
          0.626513
          0.620679
          0.612231
          0.601684
          0.569834
          0.540776
          0.613694
          0.623015
          0.606889
          0.588422
          0.584313
          0.660125
          0.668648
          0.674849
          0.654936
          0.671316
          0.66319
          0.684787
          0.686952
          0.684065
          0.680233
          0.65876
          0.648529
          0.653679
          0.643269
          0.663276
          0.664014
          0.692729
          0.690716
          0.697037
          0.695638
          0.695626
          0.692742
          0.679234
          0.678875
          0.6895
          0.691947
          0.69053
          0.693268
          0.688302
          0.687976
          0.683705
          0.684791
          0.685442
          0.687283
          0.690682
          0.687434
          0.69034
          0.692024
          0.685155
          0.68226
          0.685284
          0.683992
          0.682225
          0.681889
          0.681097
          0.680554
          0.681856
          0.680512
          0.67725
          0.680295
          0.673871
          0.672531
          0.669337
          0.673129
          0.671714
          0.674903
          0.676343
          0.67106
          0.650002
          0.655377
          0.66004
          0.652668
          0.681397
          0.681455
          0.681448
          0.68142
          0.681417
          0.681441
          0.681241
          0.681358
          0.681348
          0.681301
          0.681324
          0.68126
          0.681494
          0.681468
          0.681491
          0.681469
          0.681566
          0.681538
          0.681585
          0.681527
          0.681539
          0.681581
          0.682403
          0.682943
          0.682879
          0.682095
          0.681712
          0.681866
          0.680592
          0.681016
          0.681717
          0.681294
          0.681568
          0.681623
          0.681416
          0.681203
          0.681462
          0.681012
          0.681013
          0.681119
          0.681072
          0.680884
          0.679786
          0.680221
          0.681582
          0.681594
          0.681581
          0.681569
          0.681475
          0.681494
          0.681479
          0.681522
          0.681893
          0.6817
          0.681709
          0.681787
          0.681957
          0.68182
          0.682239
          0.682467
          0.682522
          0.682693
          0.682239
          0.682131
          0.499272
          0.499312
          0.499485
          0.499376
          0.499585
          0.499599
          0.499899
          0.499938
          0.499827
          0.499756
          0.499972
          0.499829
          0.483884
          0.482832
          0.486713
          0.484943
          0.497209
          0.497198
          0.498564
          0.498154
          0.496277
          0.49606
          0.494231
          0.492126
          0.494161
          0.494509
          0.495543
          0.495541
          0.495139
          0.494149
          0.494234
          0.494265
          0.501884
          0.505896
          0.501787
          0.502701
          0.506052
          0.505398
          0.489295
          0.490291
          0.489254
          0.491535
          0.477065
          0.473614
          0.475874
          0.479944
          0.489408
          0.487691
          0.544623
          0.519016
          0.500101
          0.523106
          0.520909
          0.514115
          0.503866
          0.509973
          0.479851
          0.484918
          0.495331
          0.491062
          0.481508
          0.473029
          0.46862
          0.504596
          0.501526
          0.517359
          0.516761
          0.499725
          0.513057
          0.603771
          0.612081
          0.501173
          0.500532
          0.495368
          0.498448
          0.501868
          0.506363
          0.503894
          0.506099
          0.502945
          0.501208
          0.499794
          0.499908
          0.500057
          0.500183
          0.5001
          0.499898
          0.502784
          0.695965
          0.687615
          0.68112
          0.676316
          0.684928
          0.679903
          0.685518
          0.68157
          0.692719
          0.690368
          0.684161
          0.690129
          0.65613
          0.642805
          0.65098
          0.657287
          0.535353
          0.552559
          0.52809
          0.557618
          0.548599
          0.527038
          0.513908
          0.507672
          0.487515
          0.47541
          0.469571
          0.525587
          0.560587
          0.565193
          0.604103
          0.615582
          0.604939
          0.586507
          0.678584
          0.669723
          0.673834
          0.676201
          0.666317
          0.663228
          0.678047
          0.672445
          0.681421
          0.670644
          0.681909
          0.679521
          0.685126
          0.680281
          0.686361
          0.688552
          0.668553
          0.672754
          0.668686
          0.677139
          0.680299
          0.681823
          0.680751
          0.680076
          0.682394
          0.681887
          0.686026
          0.682621
          0.685246
          0.681716
          0.684594
          0.682659
          0.675268
          0.679586
          0.677088
          0.679114
          0.681418
          0.681598
          0.673115
          0.673144
          0.675354
          0.677942
          0.676601
          0.680799
          0.680588
          0.680919
          0.680817
          0.680507
          0.680355
          0.675859
          0.676549
          0.677772
          0.677484
          0.674033
          0.675005
          0.668377
          0.670938
          0.671854
          0.657525
          0.661532
          0.665739
          0.681424
          0.681366
          0.681393
          0.681395
          0.681434
          0.681445
          0.679077
          0.678293
          0.679461
          0.678779
          0.679805
          0.679947
          0.680417
          0.680516
          0.680815
          0.680916
          0.681183
          0.681125
          0.681053
          0.68135
          0.680498
          0.680627
          0.680952
          0.681295
          0.679984
          0.679578
          0.679972
          0.680567
          0.680843
          0.68078
          0.680707
          0.680433
          0.680319
          0.681685
          0.681631
          0.681603
          0.68162
          0.681588
          0.681592
          0.488421
          0.489017
          0.491046
          0.487681
          0.491479
          0.491982
          0.48314
          0.484996
          0.482026
          0.485166
          0.486669
          0.487904
          0.47925
          0.486679
          0.483827
          0.482566
          0.484976
          0.489225
          0.539268
          0.509671
          0.516134
          0.523864
          0.525368
          0.621501
          0.616613
          0.636229
          0.647744
          0.638507
          0.648131
          0.502593
          0.502216
          0.501938
          0.501646
          0.501362
          0.501192
          0.499396
          0.499202
          0.499704
          0.500273
          0.500453
          0.500388
          0.498609
          0.495242
          0.497089
          0.491325
          0.498411
          0.493203
          0.494187
          0.498856
          0.498678
          0.495317
          0.497766
          0.495181
          0.494455
          0.53547
          0.519346
          0.483641
          0.49163
          0.554375
          0.575904
          0.542463
          0.549188
          0.573449
          0.586246
          0.686472
          0.689739
          0.691004
          0.683932
          0.684911
          0.688066
          0.68196
          0.679902
          0.675119
          0.682919
          0.677858
          0.674076
          0.676584
          0.67522
          0.674815
          0.67631
          0.657857
          0.66173
          0.665368
          0.660708
          0.67981
          0.679432
          0.678626
          0.679594
          0.681566
          0.68152
          0.681539
          0.681533
          0.68159
          0.68159
          0.681665
          0.681667
          0.681694
          0.681626
          0.681615
          0.681636
          0.505102
          0.504312
          0.506116
          0.515913
          0.514334
          0.509438
          0.497159
          0.499368
          0.499035
          0.498981
          0.501637
          0.503166
          0.504861
          0.504465
          0.670522
          0.671822
          0.669995
          0.667441
          0.664687
          0.667127
          0.679019
          0.677517
          0.678405
          0.677385
          0.678995
          0.678343
          0.495868
          0.495192
          0.495728
          0.496533
          0.500688
          0.501204
          0.501053
          0.500361
          0.49811
          0.498244
          0.498561
          0.497548
          0.497964
          0.498163
          0.499346
          0.498803
          0.49848
          0.498748
          0.497483
          0.497402
          0.497958
          0.498239
          0.496994
          0.496503
          0.496369
          0.498081
          0.496274
          0.497207
          0.498573
          0.4989
          0.502577
          0.502577
          0.501787
          0.501154
          0.499948
          0.500299
          0.500672
          0.5007
          0.499063
          0.50039
          0.499307
          0.499136
          0.500512
          0.500694
          0.500163
          0.499394
          0.499408
          0.499378
          0.500106
          0.499891
        </DataArray>
      </CellData>
    </Piece>
  </UnstructuredGrid>
</VTKFile>
